상품명,쇼핑몰 상품 ID,네이버쇼핑 상품 ID,광고 계정 이름,광고 계정 ID,결과,결과 유형,결과당 비용,결과당 비용 유형,총비용,노출수,평균 CPM,클릭수,평균 CPC,클릭률(%),총 전환율(%),총 광고수익률(%)
소화전 분전함 앞 자재 적치금지 스티커 축광 타입 소방 안전 바닥 표시,13397040841,90941551177,hana1644,1872088,0,전환,0,전환당,0,9,0,0,0,0.00,0.00,0.00
차량 2부제 차단기 걸이용 안내표지 출입통제 운행제한 안내,13365178964,90909689296,hana1644,1872088,0,전환,0,전환당,0,21,0,0,0,0.00,0.00,0.00
2부제 A형 입간판 노랑 블랙 포맥스 요일제 교체용 덧방용 패널 차량요일제,13347714587,90892224919,hana1644,1872088,0,전환,0,전환당,0,4,0,0,0,0.00,0.00,0.00
2부제 차량 요일제 스텐입간판 라운드 운행제한 교통 주차,13347694263,90892204595,hana1644,1872088,0,전환,0,전환당,0,36,0,0,0,0.00,0.00,0.00
2부제 차량 요일제 스텐입간판 사각 운행제한 교통 주차,13347645296,90892155628,hana1644,1872088,0,전환,0,전환당,0,36,0,0,0,0.00,0.00,0.00
2부제 차량 요일제 안내판 주차장 공공기관 차량제한 안내,13347618659,90892128991,hana1644,1872088,0,전환,0,전환당,0,6,0,0,0,0.00,0.00,0.00
2부제 차량 요일제 주차스티커 차량등록 출입관리 스티커,13347528620,90892038952,hana1644,1872088,0,전환,0,전환당,0,7,0,0,0,0.00,0.00,0.00
2부제 차량 요일제 오뚜기 표지판 운행제한 교통관리 안내,13347505507,90892015839,hana1644,1872088,0,전환,0,전환당,0,4,0,0,0,0.00,0.00,0.00
2부제 A형입간판 블랙 소형 대형 요일제 운행제한 공공기관 주차,13341823054,90886333386,hana1644,1872088,0,전환,0,전환당,0,2,0,0,0,0.00,0.00,0.00
2부제 A형입간판 노랑 소형 대형 요일제 운행제한 공공기관 주차,13341722531,90886232863,hana1644,1872088,0,전환,0,전환당,0,4,0,0,0,0.00,0.00,0.00
스티커 승용차 경차 공용 주차공간 차량 요일제 시행 안내 스티커 공동 사용구역 알림 표시 타인 배려이용 표지 리무벌 주차스티커 요일제 제외,13314149556,90858659888,hana1644,1872088,0,전환,0,전환당,0,3,0,0,0,0.00,0.00,0.00
5부제 주차스티커 요일제 30장 법인차량 회사 주차관리 표시 은행 차량 주차,13312652160,90857162492,hana1644,1872088,0,전환,0,전환당,0,6,0,0,0,0.00,0.00,0.00
당일발송 5부제 A형입간판 블랙 대형 차량 요일제 안내 주차 공공기관 공기업,13309059550,90853569882,hana1644,1872088,0,전환,0,전환당,0,59,0,0,0,0.00,0.00,0.00
당일발송 5부제 A형입간판 노랑 대형 요일제 지정차량 자동차 관공서 주차제한,13309047346,90853557678,hana1644,1872088,0,전환,0,전환당,0,10,0,0,0,0.00,0.00,0.00
약국 유리문 글자 시트컷팅 안내 스티커 제작 개업 안내 시트지,13269070258,90813580591,hana1644,1872088,0,전환,0,전환당,745,257,2900,1,745,0.39,0.00,0.00
골프 우승 포맥스 피켓 시상식 대회 기념 제작,13197786274,90742297371,hana1644,1872088,0,전환,0,전환당,0,9,0,0,0,0.00,0.00,0.00
골프대회 현수막 스포츠 행사 기념 배너 제작,13193091204,90737602301,hana1644,1872088,0,전환,0,전환당,0,9,0,0,0,0.00,0.00,0.00
눈 쌓여있는 차량 현수막 주차금지 아파트 주차 안내,13175299312,90719810409,hana1644,1872088,0,전환,0,전환당,0,2,0,0,0,0.00,0.00,0.00
방문차량 사전예약 현수막 주차 안내 배너 방문객 출입차량,13170544292,90715055389,hana1644,1872088,0,전환,0,전환당,0,4,0,0,0,0.00,0.00,0.00
산업 안전 게시판 안내판 A4 강화유리 플라스틱 슬림업게시판 10구,13166538970,90711050067,hana1644,1872088,0,전환,0,전환당,55,29,1897,1,55,3.45,0.00,0.00
사무실 게시판 공지사항 아크릴 강화유리 회사 A4 슬림업게시판 8구,13166537858,90711048955,hana1644,1872088,0,전환,0,전환당,4448,117,38017,3,1483,2.56,0.00,0.00
현장 관리 게시판 작업 지시문 전달용 A4 안내 공지사항 슬림업게시판 6구,13166536816,90711047913,hana1644,1872088,0,전환,0,전환당,0,36,0,0,0,0.00,0.00,0.00
빌라 게시판 공지사항 안내판 A4 강화유리 투명 슬림업게시판 4구,13166535798,90711046895,hana1644,1872088,0,전환,0,전환당,0,2,0,0,0,0.00,0.00,0.00
관리 게시판 공지사항 안내판 A4 투명 강화 포켓 슬림업게시판 3구,13166534580,90711045678,hana1644,1872088,0,전환,0,전환당,0,31,0,0,0,0.00,0.00,0.00
운영 공지 게시판 안내문 안내판 A4 어린이집 플라스틱 슬림업게시판 2구,13166247140,90710758237,hana1644,1872088,0,전환,0,전환당,0,9,0,0,0,0.00,0.00,0.00
병원 게시판 진료 고지문 안내용 A4 아크릴 포켓 프레임 슬림업게시판 1구,13166202745,90710713842,hana1644,1872088,0,전환,0,전환당,0,4,0,0,0,0.00,0.00,0.00
아파트 게시판 입주민 공지문 부착용 A4 아크릴 포켓 슬림디자인 10구,13165515763,90710026860,hana1644,1872088,0,전환,0,전환당,0,66,0,0,0,0.00,0.00,0.00
엘리베이터 게시판 공지사항 스탠드형 회사 게시판 A4 슬림디자인 8구,13165500979,90710012076,hana1644,1872088,0,전환,0,전환당,0,28,0,0,0,0.00,0.00,0.00
회사 게시판 공지사항 안내판 플라스틱 프레임 강화유리 슬림디자인 6구,13165483715,90709994812,hana1644,1872088,0,전환,0,전환당,1101,17,64752,1,1101,5.88,0.00,0.00
사무실 게시판 공지사항 안내판 A4 아크릴 수납 포켓 슬림디자인 4구,13165428500,90709939597,hana1644,1872088,0,전환,0,전환당,0,51,0,0,0,0.00,0.00,0.00
학교 게시판 아크릴 게시판 A4 투명 포켓 벽걸이형 슬림디자인 3구,13165403741,90709914838,hana1644,1872088,0,전환,0,전환당,0,37,0,0,0,0.00,0.00,0.00
관리사무소 게시판 행정 전달문 고지용 A4 아크릴 포켓 슬림디자인 2구,13165383307,90709894404,hana1644,1872088,0,전환,0,전환당,0,17,0,0,0,0.00,0.00,0.00
학원 게시판 안내문 안내판 공지사항꽂이 프레임 A4 슬림디자인 1구,13165196322,90709707419,hana1644,1872088,0,전환,0,전환당,0,4,0,0,0,0.00,0.00,0.00
부착형 유리 투명 알림판 A4 사무실 안내판 포켓,13155961923,90700473020,hana1644,1872088,0,전환,0,전환당,0,8,0,0,0,0.00,0.00,0.00
사무실 게시판 공지사항 스탠드형 회사 A4 슬림업게시판 8구,13155750450,90700261547,hana1644,1872088,0,전환,0,전환당,1881,16,117563,1,1881,6.25,0.00,0.00
바닥 도장 글자판 스텐실 주차장 마킹판 주차구역 표시 도안 마크,13141962996,90686474088,hana1644,1872088,2,전환,138,전환당,276,96,2872,2,138,2.08,100.00,37000.10
★세일특가★ 입학식 축하 현수막 배너 제작 학교 행사,13141029363,90685540455,hana1644,1872088,0,전환,0,전환당,0,2,0,0,0,0.00,0.00,0.00
경로당 스텐 현판 스테인리스 간판 제작 사무실현판 금속 미니간판 명패,13137180887,90681691979,hana1644,1872088,0,전환,0,전환당,55,304,181,1,55,0.33,0.00,0.00
부착형 아크릴포켓 투명 알림판 A4,13005052230,90549563322,hana1644,1872088,0,전환,0,전환당,0,28,0,0,0,0.00,0.00,0.00
자전거 스티커 반사지 타입 빛반사 야간 안전 시인성 강화 보호 1000매,12990591783,90535102875,hana1644,1872088,0,전환,0,전환당,1483,177,8380,1,1483,0.56,0.00,0.00
자전거 스티커 반사지 타입 빛반사 야간 안전 시인성 강화 보호 500매,12990575755,90535086847,hana1644,1872088,0,전환,0,전환당,0,80,0,0,0,0.00,0.00,0.00
자전거 스티커 반사지 타입 빛반사 야간 안전 시인성 강화 보호 300매,12990479833,90534990925,hana1644,1872088,0,전환,0,전환당,0,201,0,0,0,0.00,0.00,0.00
자전거 스티커 반사지 타입 빛반사 야간 안전 시인성 강화 보호 100매,12990391718,90534902810,hana1644,1872088,0,전환,0,전환당,0,80,0,0,0,0.00,0.00,0.00
약국 지퍼봉투 처방약 포장용 인쇄 가능 약봉투 병원 약국 전용 비닐봉투,12843415076,90387926068,hana1644,1872088,0,전환,0,전환당,0,15,0,0,0,0.00,0.00,0.00
A형 입간판 블랙 약국 전용 PE 접이식 양면인쇄 입구 배너 매장안내 스탠드 약국사인 안내판,12838896008,90383407000,hana1644,1872088,0,전환,0,전환당,1325,478,2772,2,662,0.42,0.00,0.00
A형 입간판 노랑 약국 전용 매장안내 스탠드 약국사인 홍보용 안내판 PE 접이식 양면인쇄 입구 배너,12837367458,90381878450,hana1644,1872088,0,전환,0,전환당,0,4,0,0,0,0.00,0.00,0.00
외부인 절대 사용금지 안내판 출입제한 안내 경고문 부착용 표지판 안내판 아파트 포맥스,12746892758,90291403699,hana1644,1872088,0,전환,0,전환당,0,2,0,0,0,0.00,0.00,0.00
엘리베이터 손끼임 주의 투명스티커 경고 문틈 안전 문닫힘주의 PVC 위험 안내용 안내판 자동문 부착형 경고라벨,12746631901,90291142842,hana1644,1872088,0,전환,0,전환당,66,2,33000,1,66,50.00,0.00,0.00
대형 블랙 A형 입간판 안전작업현황판,12575727115,90120237968,hana1644,1872088,0,전환,0,전환당,0,12,0,0,0,0.00,0.00,0.00
대형 노랑 A형 입간판 안전작업현황판,12575620138,90120130991,hana1644,1872088,0,전환,0,전환당,0,10,0,0,0,0.00,0.00,0.00
안내판 학교시설 개방 이용 공공시설 개방 출입 안내 부착형 표지판 학교 운동장 체육관 이용안내,12569189637,90113700490,hana1644,1872088,0,전환,0,전환당,0,53,0,0,0,0.00,0.00,0.00
스티커 산업현장 공사장 작업장 기계 안전수칙 개인보호구 착용 바닥스티커 작업장 안전 필수 아이템 미끄럼방지시트,12477711114,90022221939,hana1644,1872088,1,전환,0,전환당,0,2,0,0,0,0.00,0.00,0.00
안내판 분리수거 종이 박스 택배 상자 분리 배출 방법 아파트 재활용 분리수거장 표지판,12247529379,89792040095,hana1644,1872088,0,전환,0,전환당,0,2,0,0,0,0.00,0.00,0.00
현수막 집회 시위 데모 분쟁 공사 건설 소음 분진 피해 대책 촉구 경고문 기본 열재단,12242512262,89787022978,hana1644,1872088,0,전환,0,전환당,0,7,0,0,0,0.00,0.00,0.00
현수막 경로당 개소식 개관식 오픈 기념 축하 행사 플랜카드 장소 일시 알림 기본 열재단,12242253401,89786764117,hana1644,1872088,0,전환,0,전환당,0,13,0,0,0,0.00,0.00,0.00
현수막 아파트 도서관 개소식 행사 오픈 기념행사 장소 개관일시 안내 플랜카드 기본 열재단,12210011321,89754522026,hana1644,1872088,0,전환,0,전환당,0,9,0,0,0,0.00,0.00,0.00
안내판 전기차 일반차 주차장 주차구역 겸용주차 공용주차 혼용주차 가능구역 안내 표지판,12209497095,89754007800,hana1644,1872088,0,전환,0,전환당,0,7,0,0,0,0.00,0.00,0.00
현수막 주차장 전기차 일반차 겸용 주차구역 혼용 공용 병행 주차 플랜카드 기본 열재단,12209127672,89753638377,hana1644,1872088,0,전환,0,전환당,528,1,528000,1,528,100.00,0.00,0.00
현수막 아파트 공놀이 구기활동 금지 놀이터 경고문 주민 안전 시설 파손 예방 플랜카드 기본 열재단,12200230251,89744740956,hana1644,1872088,0,전환,0,전환당,0,4,0,0,0,0.00,0.00,0.00
POP 배너 잘떼지는 소비쿠폰 사용불가 안내 가게 매장 25x25cm 표지판 15x15cm,12181790423,89726301128,hana1644,1872088,0,전환,0,전환당,0,1,0,0,0,0.00,0.00,0.00
잘떼지는 민생회복 소비쿠폰 사용처 스티커 안내문 150x150mm POP 배너 01,12143086733,89687597438,hana1644,1872088,0,전환,0,전환당,0,32,0,0,0,0.00,0.00,0.00
배너 폭염작업 실외 실내 체감온도 작업장 안전관리 물통배너 공사장 공장 산업안전 행동수칙 배너단품,12042133657,89586644349,hana1644,1872088,0,전환,0,전환당,0,6,0,0,0,0.00,0.00,0.00
안내판 폭염작업 안전 관리 체감온도 표시 열사병 작업장 응급상황 대처 방법 표지판 포맥스3T 화이트보드,12038331812,89582842504,hana1644,1872088,0,전환,0,전환당,0,6,0,0,0,0.00,0.00,0.00
현수막 폭염 예방 안전관리 작업장 공사장 열사병 탈진 방지 응급상황 대처 작업 중지 안내문,12037984289,89582494981,hana1644,1872088,0,전환,0,전환당,0,1,0,0,0,0.00,0.00,0.00
전기차 차량 충전중 알림 강제 분리 파손 방지 자석 탈부착 스티커 반사지 자석시트 정사각형,11891413208,89435923817,hana1644,1872088,0,전환,0,전환당,0,3,0,0,0,0.00,0.00,0.00
소형 블랙 A형입간판 주의 표지 지게차 전기 충전중 간판 화재 감전 사고 안전수칙 접이식 산업안전,11733945744,89278456243,hana1644,1872088,0,전환,0,전환당,0,2,0,0,0,0.00,0.00,0.00
소형 노랑 A형 입간판 전동 지게차 전기 충전중 산업안전 안전수칙 공장 물류창고 무지,11729599887,89274110386,hana1644,1872088,0,전환,0,전환당,0,3,0,0,0,0.00,0.00,0.00
건물 주요시설 수도계량기 누전차단기 소화기 대피공간 위치 방향 유도 안내판 화이트시트,11725450424,89269960923,hana1644,1872088,0,전환,0,전환당,0,1,0,0,0,0.00,0.00,0.00
대형 폐기물 배출 처리 안내 현수막 지정 장소 날짜 스티커 부착 과태료부과 cctv촬영중 기본 열타입,11720395038,89264905505,hana1644,1872088,0,전환,0,전환당,0,7,0,0,0,0.00,0.00,0.00
대형 폐기물 쓰레기 배출 안내판 스티커 CCTV 촬영중 불법 무단 투기 금지 화이트시트,11720261136,89264771643,hana1644,1872088,0,전환,0,전환당,0,9,0,0,0,0.00,0.00,0.00
학교 등하교 등하원 교문 출입문 자녀 기다려주세요 대기선 진입 금지 바닥 스티커,11549206680,89093717087,hana1644,1872088,0,전환,0,전환당,0,4,0,0,0,0.00,0.00,0.00
기념식수 식목일 나무 이름표 명패 수목 고급 부착형 표찰 팻말 수목장 이름 표시 장식 형태 C타입,11502999749,89047510114,hana1644,1872088,0,전환,0,전환당,0,22,0,0,0,0.00,0.00,0.00
식목일 수목 표찰 고급 나무 기념식수 이름표 사각 포맥스 명패 간판 팻말 부착형 표지판 A타입,11502917388,89047427753,hana1644,1872088,0,전환,0,전환당,0,403,0,0,0,0.00,0.00,0.00
소형 A형 입간판 주의 표지 주차장 외부 차량 주차 불가 금지 제한 A형 입간판 파손 도난 주의 소형 블랙 무지,11437730156,88982240521,hana1644,1872088,0,전환,0,전환당,0,2,0,0,0,0.00,0.00,0.00
소형 A형 입간판 외부 차량 주차장 주차 금지 A형 파손 도난 경고 출입구 입간판 소형 노랑 무지,11437570570,88982080935,hana1644,1872088,0,전환,0,전환당,0,2,0,0,0,0.00,0.00,0.00
소형 A형 입간판 주차 주차장 가는길 지상 지하 방향 표시 화살표 A형 입간판 소형 블랙 무지,11433236770,88977747135,hana1644,1872088,0,전환,0,전환당,0,2,0,0,0,0.00,0.00,0.00
소형 A형 입간판 건물 지상 지하 전용 주차장 방향 유도 화살표 A형 입간판 표지판 소형 노랑 무지,11432837834,88977348199,hana1644,1872088,0,전환,0,전환당,0,1,0,0,0,0.00,0.00,0.00
표지판 지상 지하 주차장 진입로 위치 방향 안내판 고객 전용 부착식 포맥스 표지판,11432406559,88976916924,hana1644,1872088,0,전환,0,전환당,0,9,0,0,0,0.00,0.00,0.00
소형 A형 입간판 도로 A형 주정차 단속 위반 차량 과태료 벌금 부과 지역 경고문 입간판 소형 블랙 무지,11428730217,88973240582,hana1644,1872088,0,전환,0,전환당,0,2,0,0,0,0.00,0.00,0.00
소형 A형 입간판 주정차 단속 구역 불법 주차 위반 금지 벌금 과태료 부과 A형 경고문 입간판 소형 노랑 무지,11428248484,88972758848,hana1644,1872088,0,전환,0,전환당,0,1,0,0,0,0.00,0.00,0.00
차량 주정차 감시 경고 위반 주차금지 벌금 과태료 부과 안내판,11415118702,88959629067,hana1644,1872088,0,전환,0,전환당,0,6,0,0,0,0.00,0.00,0.00
포맥스3T 300X210mm 학교 전교회장 학생 선거 운동 피켓 응원 시위 집회 이름 목걸이형+시위용,11337484659,88881994990,hana1644,1872088,0,전환,0,전환당,0,14,0,0,0,0.00,0.00,0.00
표지판 동물 의약품 반려견 강아지 약국 허가 판매 취급 출입문 표지판,11305152972,88849663303,hana1644,1872088,0,전환,0,전환당,0,5,0,0,0,0.00,0.00,0.00
소형 A형 입간판 산소 분묘 A형 묘지 이장 입간판 사유지 건물 미허가 철거요청 출입 금지 소형 블랙 무지,11263492003,88808002334,hana1644,1872088,0,전환,0,전환당,0,8,0,0,0,0.00,0.00,0.00
소형 A형 입간판 A형 간판 반려동물 반려견 출입 입장 금지 식당 노펫존 진입 접근 불가 소형 블랙 무지,11259839187,88804349518,hana1644,1872088,0,전환,0,전환당,0,8,0,0,0,0.00,0.00,0.00
소형 A형 입간판 지상 출입 통행 금지 오토바이 자전거 바이크 단지내 안전 사고 예방 A형 간판 소형 블랙 무지,11256290208,88800800539,hana1644,1872088,0,전환,0,전환당,0,9,0,0,0,0.00,0.00,0.00
소형 A형 입간판 우측 보행 통행 접이식 A형 입간판 도로 오른쪽 방향 표지판 계단 복도 소형 블랙 무지,11256055304,88800565635,hana1644,1872088,0,전환,0,전환당,0,1,0,0,0,0.00,0.00,0.00
소형 A형 입간판 주의 표지 출입문 주의 문살짝 A형 PE 입간판 독서실 접이식 표지판 문닫힘 경고 소형 블랙 무지,11255377893,88799888224,hana1644,1872088,0,전환,0,전환당,0,1,0,0,0,0.00,0.00,0.00
소형 A형 입간판 주의 표지 독서실 출입문 소음 주의 입간판 학교 도서관 문살짝 에티켓 A형 표지판 손끼임 소형 노랑 무지,11255313930,88799824261,hana1644,1872088,0,전환,0,전환당,0,1,0,0,0,0.00,0.00,0.00
소형 A형 입간판 전기차 A형 충전기 충전시설 10m 노스모킹 금연구역 화재예방 불조심 입간판 소형 블랙 무지,11217274357,88761784688,hana1644,1872088,0,전환,0,전환당,0,2,0,0,0,0.00,0.00,0.00
스티커 학교 양심 우산 대여용 스티커 인쇄 도서관 독서실 우산꽂이 안내 A타입 세트구성,10834141020,88378647033,hana1644,1872088,0,전환,0,전환당,0,3,0,0,0,0.00,0.00,0.00
테이블 넘버 번호판 상호명 인쇄 좌석번호 캐비넷 숫자판 음식점용 식당 락커 번호 독서실 원형 메탈,10812082892,88356588882,hana1644,1872088,0,전환,0,전환당,0,2,0,0,0,0.00,0.00,0.00
주차차단기 외부차량 입주민전용 양면 걸이용 안내판 서행 진입금지 초고휘도 반사시트,10811982283,88356488273,hana1644,1872088,0,전환,0,전환당,0,96,0,0,0,0.00,0.00,0.00
주택 빌라 쓰레기 무단투기 금지 현수막 경고문 가게앞 골목길 안내문 기본 열재단,10811970635,88356476625,hana1644,1872088,0,전환,0,전환당,0,6,0,0,0,0.00,0.00,0.00
스티커 매장 안내 영수증 리뷰 이벤트 스티커 카페 식당 테이블 후기 안내판 매장 QR 코드 스티커 세로형,10807607110,88352113100,hana1644,1872088,0,전환,0,전환당,0,21,0,0,0,0.00,0.00,0.00
소형 A형 입간판 주의 표지 옥상 추락주의 A형 입간판 계단 난간 낙상위험 접근금지 표지판 절벽 경고문 소형 블랙 무지,10765198763,88309704753,hana1644,1872088,0,전환,0,전환당,462,4,115500,1,462,25.00,0.00,0.00
소형 A형 입간판 출입금지 안내 공원용 화단 잔디 보호 표지판 A형 입간판 공원 경고문 수목원 텃밭 출입금지 소형 블랙 무지,10765196069,88309702059,hana1644,1872088,0,전환,0,전환당,0,2,0,0,0,0.00,0.00,0.00
잔디밭 출입금지 A형 입간판 공원 화단보호 접이식 표지판 수목원 텃밭 경고문 소형 노랑 무지,10765185201,88309691191,hana1644,1872088,0,전환,0,전환당,0,1,0,0,0,0.00,0.00,0.00
포트홀 주의 지반 확인 표지판 발조심 A형 입간판 씽크홀 사고예방 붕괴 소형 노랑 무지,10765180411,88309686401,hana1644,1872088,0,전환,0,전환당,0,2,0,0,0,0.00,0.00,0.00
전면주차 A형 간판 주차장 차량유도 안내 접이식 PE 입간판 아파트 표지판 소형 노랑 무지,10765177245,88309683235,hana1644,1872088,0,전환,0,전환당,0,4,0,0,0,0.00,0.00,0.00
스티커 주의 표지 도어 출입문 미시오 스티커 옆으로 문을 밀어주세요 표지 카페 식당 미세요 반대편 사람 부딪힘주의,10731344109,88275850031,hana1644,1872088,0,전환,0,전환당,0,1,0,0,0,0.00,0.00,0.00
피난안내도 아크릴 포켓형 화재 비상 대피로 비상구 위치 표시 탈출구 표지,10713937409,88258443331,hana1644,1872088,0,전환,0,전환당,0,5,0,0,0,0.00,0.00,0.00
표지판 아파트 물놀이장 안전수칙 표지판 물놀이터 운영시간 외부인 이용금지 매립식 팻말 반려동물 출입 제한,10683063560,88227569482,hana1644,1872088,0,전환,0,전환당,0,9,0,0,0,0.00,0.00,0.00
수경시설 분수대 출입금지 안전수칙 매립 표지판 감전 사고 예방 물놀이 경고 안내판 형태타입 안내판 파이프없음,10679174155,88223680077,hana1644,1872088,0,전환,0,전환당,0,1,0,0,0,0.00,0.00,0.00
출입금지 안내 물건 투척금지 알림판 석가산 출입금지 팻말 조경시설 추락위험 매립식 안내판 물놀이 경고 안내문,10672401242,88216907156,hana1644,1872088,0,전환,0,전환당,0,1,0,0,0,0.00,0.00,0.00
표지판 출입금지 안내 분수대 출입금지 매립 표지판 단지내 수경시설 감전주의 사고예방 팻말 물놀이금지 경고 안내문,10668094448,88212600362,hana1644,1872088,0,전환,0,전환당,0,2,0,0,0,0.00,0.00,0.00
표지판 출입금지 안내 안전수칙 표지판 분수대 출입금지 안내판 미끄럼주의 넘어짐조심 알림판 사고예방,10348687126,87893191582,hana1644,1872088,0,전환,0,전환당,0,1,0,0,0,0.00,0.00,0.00
스티커 버스 지하철 안전 스티커 손잡이 표시 에스컬레이터 사고방지 알림 표지 가로형,10333399664,87877903875,hana1644,1872088,0,전환,0,전환당,0,1,0,0,0,0.00,0.00,0.00
스티커 소방시설 관리 안내 정밀점검 기록스티커 안전예방 비상방지 표시 원형 아트지,10326018870,87870523072,hana1644,1872088,0,전환,0,전환당,0,1,0,0,0,0.00,0.00,0.00
주의 표지 어린이집 유치원 환경구성 안내판 대기질 표지 알림판 미세먼지 주의 표시,10326005182,87870509384,hana1644,1872088,0,전환,0,전환당,0,2,0,0,0,0.00,0.00,0.00
대형 A형 입간판 미세먼지 A형 입간판 블랙 비상저감조치 표시 승용차 차량 2부제 접이식 표지판 화이트시트 양면타입 대형,10254366187,87798869889,hana1644,1872088,0,전환,0,전환당,0,19,0,0,0,0.00,0.00,0.00
대형 A형 입간판 미세먼지 비상저감조치 A형 입간판 자동차 차량 2부제 운행 짝수 홀수 접이식 표지판 화이트시트 양면타입 대형,10254093279,87798596981,hana1644,1872088,0,전환,0,전환당,0,15,0,0,0,0.00,0.00,0.00
스티커 엘리베이터 스티커 승강기 이용 안내 바닥 안내 표지 투명시트,10103724785,87648227555,hana1644,1872088,0,전환,0,전환당,0,3,0,0,0,0.00,0.00,0.00
스티커 어르신 운전중 안내 고령 차량 노인 자동차 배려 반사지 스티커 삼각형 타입,10093491790,87637994467,hana1644,1872088,0,전환,0,전환당,0,1,0,0,0,0.00,0.00,0.00
슬림업 게시판 10구 공지사항 알림판 엘리베이터 학원 게시판 학급 어린이집 유치원 A4 포켓형 광고면 없음,10075184094,87619686747,hana1644,1872088,0,전환,0,전환당,0,331,0,0,0,0.00,0.00,0.00
슬림업 8구 공지사항 사무실 게시판 메모보드 알림판 유치원 어린이집 학급 A4 포켓형 광고면 없음,10075140816,87619643475,hana1644,1872088,0,전환,0,전환당,1577,292,5399,1,1577,0.34,0.00,0.00
[당일배송] 슬림업 6구 승강기 엘리베이터 게시판 A4 꽂이 공지사항 병원 안내문 L04 포켓형,10075114683,87619617339,hana1644,1872088,0,전환,0,전환당,0,46,0,0,0,0.00,0.00,0.00
슬림업 사무실 게시판 4구 교회 학원 공지사항 A4 안내문 메모보드 포켓형 광고면 없음,10075086655,87619589308,hana1644,1872088,0,전환,0,전환당,0,73,0,0,0,0.00,0.00,0.00
[당일배송] 슬림업 게시판 3구 공지사항 안내문 A4 꽂이 사무실 학급 L04 포켓형,10075065339,87619567992,hana1644,1872088,0,전환,0,전환당,0,195,0,0,0,0.00,0.00,0.00
슬림업 게시판 2구 엘리베이터 A4 공지사항 어린이집 유치원 메모보드 포켓형 광고면 없음,10075030378,87619533031,hana1644,1872088,0,전환,0,전환당,3767,294,12814,1,3767,0.34,0.00,0.00
슬림업 아파트 엘리베이터 A4 꽂이 강화유리 게시판 1구 덮개형 집게형 포켓형 광고면 없음,10073448597,87617951230,hana1644,1872088,0,전환,0,전환당,0,4,0,0,0,0.00,0.00,0.00
출입금지 안내 비상구 방화문 출입금지 표시판 안전 표시 화재 재난주의 안내판 포맥스 축광 L01,10011744926,87556247300,hana1644,1872088,0,전환,0,전환당,0,8,0,0,0,0.00,0.00,0.00
음식점 식당 매장 카드결제 현금 제한 A형 입간판 편의점 소형 노랑 무지,9898139105,87442641378,hana1644,1872088,0,전환,0,전환당,0,1,0,0,0,0.00,0.00,0.00
스티커 매장 안내 편의점 마트 신용카드 매장 스티커 백화점 음식점 현금 결제 불가 협조이용 안내표지 화이트시트,9889993857,87434496130,hana1644,1872088,0,전환,0,전환당,0,5,0,0,0,0.00,0.00,0.00
표지판 단지 입주 현황표 알림판 관리기구 조직도 소방 표지판 연중 월간계획표 안내 골드,9888123316,87432625589,hana1644,1872088,0,전환,0,전환당,0,20,0,0,0,0.00,0.00,0.00
소형 A형 입간판 매장 안내 상가 음식점 식당 신용카드 결제 A형 매장 입간판 소형 블랙 무지,9883090360,87427592633,hana1644,1872088,0,전환,0,전환당,0,1,0,0,0,0.00,0.00,0.00
스티커 현관문 개폐 스티커 공동현관 인터폰 호출벨 아파트 빌라 경비실 안내판 화이트시트,9874272461,87418774746,hana1644,1872088,0,전환,0,전환당,0,1,0,0,0,0.00,0.00,0.00
소형 A형 입간판 유리 두드리지 마세요 펫샵 진열대 A형 입간판 표지 안내판 소형 노랑 무지,9843339533,87387841806,hana1644,1872088,0,전환,0,전환당,0,2,0,0,0,0.00,0.00,0.00
스티커 불법주차 차량 경고장 스티커 위반사항 표시 아파트 관리사무소 강력접착 500장,9782804572,87327306845,hana1644,1872088,0,전환,0,전환당,0,9,0,0,0,0.00,0.00,0.00
화재 진압 방지 표시판 소화전 위치유도 돌출 축광 팻말 안내판 소방 안전예방 화살표 표지 소화전위치 1번,9782619973,87327122246,hana1644,1872088,0,전환,0,전환당,0,6,0,0,0,0.00,0.00,0.00
외부 승용차 경차 차량 불법 주차금지 안내판 무단 단속 알림판 견인 조치 알림 표시판,9782568245,87327070518,hana1644,1872088,0,전환,0,전환당,0,1,0,0,0,0.00,0.00,0.00
210X300mm 안내판 비닐 플라스틱 페트병 재활용 유리 캔 분리수거 알림 표시판 아파트 단지 일반쓰레기 배출 표지,9782452668,87326954941,hana1644,1872088,0,전환,0,전환당,0,2,0,0,0,0.00,0.00,0.00
포맥스 3T 150mmX150mm 스티커 생활속 사용가능 지역화폐 사용처 가맹점 안내 표시판 재난지원금 선불카드 알림판 아동 돌봄쿠폰 스티커,9781862357,87326364630,hana1644,1872088,0,전환,0,전환당,0,29,0,0,0,0.00,0.00,0.00
유포지스티커 150mmX150mm 스티커 아이 돌봄쿠폰 사용가능처 알림 스티커 제로페이 이음카드 지역화폐 가맹점 안내 표시 재난지원금 표지,9781849177,87326351450,hana1644,1872088,0,전환,0,전환당,0,32,0,0,0,0.00,0.00,0.00
출입금지 안내 출입금지 잔디보호 알림판 나무 화단표지 말뚝안내판 아파트 관리사무소 매립식 표시판 사각 타입 안내판,9748722480,87293224753,hana1644,1872088,0,전환,0,전환당,0,1,0,0,0,0.00,0.00,0.00
표지판 잔디 화단보호 말뚝 안내판 승용차 차량 전면주차 알림 매립식 표지판 사각 타입 안내판,9748706447,87293208720,hana1644,1872088,0,전환,0,전환당,0,3,0,0,0,0.00,0.00,0.00
표지판 주의 표지 높은장소 낙상위험 말뚝안내판 추락주의 안전예방 사고주의 매립식 표지판 경고 알림판 사각 타입 안내판(파이프 미포함),9748669132,87293171405,hana1644,1872088,0,전환,0,전환당,0,135,0,0,0,0.00,0.00,0.00
표지판 주의 표지 주정차 금지 위험방지 매립식 표지판 경차 승용차 안전통행 주의 말뚝안내판 관리사무소 표시판 사각 타입 안내판(파이프 미포함),9742215034,87286717307,hana1644,1872088,0,전환,0,전환당,0,2,0,0,0,0.00,0.00,0.00
주의 표지 아파트 관리사무소 앉지마세요 매립식 팻말 난간 옥상 착석금지 주의경고 말뚝안내판 안전예방 형태타입 안내판(파이프없음),9737185032,87281687305,hana1644,1872088,0,전환,0,전환당,0,1,0,0,0,0.00,0.00,0.00
외부 음료 간식 출입통제 알림판 영화관 행사장 음식물 반입금지 매립식 말뚝안내판 협조표지 형태타입 안내판(파이프없음),9735865297,87280367570,hana1644,1872088,0,전환,0,전환당,0,6,0,0,0,0.00,0.00,0.00
주의 표지 무단경작 토지 사용금지 알림판 개인사유지 안내판 팻말 외부인 출입제한 매립식 표시판 경고주의 형태타입 안내판(파이프없음),9719190525,87263692795,hana1644,1872088,0,전환,0,전환당,0,2,0,0,0,0.00,0.00,0.00
표지판 주의 표지 사고조심 낙상 추락위험 말뚝안내판 학교옥상 올라가지 마세요 매립식 표지판 팻말 안전주의 위험예방 형태타입 안내판(파이프없음),9718734088,87263236358,hana1644,1872088,0,전환,0,전환당,0,13,0,0,0,0.00,0.00,0.00
표지판 출입금지 안내 관상용 분수대 물놀이 제한 매립식 표지판 수경시설 출입금지 말뚝안내판 사고예방 위험방지 사각 타입 안내판(파이프 미포함),9718595897,87263098167,hana1644,1872088,0,전환,0,전환당,0,3,0,0,0,0.00,0.00,0.00
주의 표지 떨어짐주의 안전예방 낙상위험 착석금지 팻말 건물옥상 난간 추락 사고조심 앉지마세요 말뚝안내판 사각 타입 안내판(파이프 미포함),9718467132,87262969402,hana1644,1872088,0,전환,0,전환당,0,21,0,0,0,0.00,0.00,0.00
주의 표지 노상방뇨 절대금지 팻말 외부인 거주자 아파트 빌라 소변 하지마세요 말뚝안내판 경고주의 사각 타입 안내판(파이프 미포함),9718340988,87262843258,hana1644,1872088,0,전환,0,전환당,0,2,0,0,0,0.00,0.00,0.00
주의 표지 낙상위험 추락주의 매립식 표시판 미끄럼주의 파이프 안내판 사각 타입 말뚝안내판,9717727744,87262230014,hana1644,1872088,0,전환,0,전환당,0,2,0,0,0,0.00,0.00,0.00
150X150mm 투명스티커 펫샵 유리창 두드리지 마세요 알림 표시판 아쿠아리움 수조 터치금지 협조이용 스티커 안내판 공공시설 배려표지,9706125291,87250627561,hana1644,1872088,0,전환,0,전환당,0,1,0,0,0,0.00,0.00,0.00
500x100mm 스티커 주의 표지 구두 단화 신발 끼임 주의 알림 표시 에스컬레이터 이용 안전수칙 안내 스티커 무빙워크 사고방지 어린이 보호자 동반 화이트시트,9701569479,87246071749,hana1644,1872088,0,전환,0,전환당,0,4,0,0,0,0.00,0.00,0.00
270x120mm 스티커 주의 표지 전기차 질식소화포 돌출형 스티커 보관장소 안내 표시 차량 승용차 경차 안전사고 화재예방 주의알림,9701019466,87245521736,hana1644,1872088,0,전환,0,전환당,0,9,0,0,0,0.00,0.00,0.00
투명스티커 음식점 식당 카페 24시간 정상영업 알림 스티커 환영합니다 안내 스티커 사우나 편의점 Welcome 어서오세요 표지,9686187283,87230689553,hana1644,1872088,0,전환,0,전환당,0,3,0,0,0,0.00,0.00,0.00
소형 A형 입간판 주의 표지 충전방해 주의 위반사항 신고전화 확인 A형 입간판 전기차 시간초과 과태료 부과 알림판 훼손금지 소형 블랙 무지,9682211072,87226713342,hana1644,1872088,0,전환,0,전환당,0,1,0,0,0,0.00,0.00,0.00
소형 A형 입간판 음식점 식당 어서오세요 안내판 A형 입간판 헬스장 체육관 24시간 시설이용 가능 표지판 무인카페 영업 소형 블랙 무지,9681641350,87226143620,hana1644,1872088,0,전환,0,전환당,0,1,0,0,0,0.00,0.00,0.00
표지판 주의 표지 승용차 경차 지정구역 주차안내 표시판 외부차량 불법 접근주의 진입제한 알림판 시설내 배려 협조이용 표지판,9678471405,87222973675,hana1644,1872088,0,전환,0,전환당,0,6,0,0,0,0.00,0.00,0.00
700x500mm 주의 표지 전용 충전구역 과태료부과 알림판 외부 승용차 경차 방해금지 표시판 시설내 훼손주의 안내판 접근제한,9678217122,87222719391,hana1644,1872088,0,전환,0,전환당,0,2,0,0,0,0.00,0.00,0.00
소형 A형 입간판 헬스장 사우나 24시간 정상영업 안내판 A형 입간판 무인카페 음식점 편의점 어서오세요 표지판 소형 노랑 무지,9677383049,87221885319,hana1644,1872088,0,전환,0,전환당,0,6,0,0,0,0.00,0.00,0.00
150X200mm 주의 표지 적재 높이 준수 알림판 공장 작업장 안전점검 안내판 운반대차 인력 탑승금지 표시판 이동동선 주의 사물 사람 부딪힘조심,9676884678,87221386948,hana1644,1872088,0,전환,0,전환당,0,1,0,0,0,0.00,0.00,0.00
스티커 방화문 앞 물건 적치 적재금지 스티커 소방 안전사고 위험알림 표시 무단 투척하지 마세요 화재방지 인명피해 예방 미끄럼방지시트,9658187380,87202689650,hana1644,1872088,0,전환,0,전환당,0,5,0,0,0,0.00,0.00,0.00
소형 A형 입간판 주의 표지 에티켓이용 공공장소 앞사람 밀지마세요 A형 입간판 위험행동 방지 질서준수 안내판 사고예방 안전주의 소형 블랙 무지,9615573088,87160075358,hana1644,1872088,0,전환,0,전환당,0,5,0,0,0,0.00,0.00,0.00
소형 A형 입간판 주의 표지 공원용 앞사람 밀지마세요 안내판 넘어짐주의 안전사고 예방 A형 입간판 인접장소 공원 길거리 부딪힘조심 알림 소형 노랑 무지,9615489570,87159991840,hana1644,1872088,0,전환,0,전환당,0,4,0,0,0,0.00,0.00,0.00
소형 A형 입간판 요금 선불해주세요 알림 표시판 A형 입간판 카페 커피숍 선결제 안내판 음식점 식당 식대 지불환영 표지판 소형 블랙 무지,9596281591,87140783861,hana1644,1872088,0,전환,0,전환당,0,6,0,0,0,0.00,0.00,0.00
소형 A형 입간판 음식점 식당 식대 선불결제 알림판 요금 지불해주세요 안내판 A형 입간판 현금 카드 환영 카페 표시 소형 노랑 무지,9596230788,87140733058,hana1644,1872088,0,전환,0,전환당,0,1,0,0,0,0.00,0.00,0.00
365x260mm 아이 아동 응급상황 119 구급대 연락 알림판 안전사고 예방 어린이 성폭력 학대금지 112 신고 다보 안내판 보호 뿔다보,9590802592,87135304862,hana1644,1872088,0,전환,0,전환당,0,122,0,0,0,0.00,0.00,0.00
스티커 주의 표지 물건 물품 물류 자재 창고 공장 적치 적재 상한선 알람표지 소방 안전 위험예방 안내표시 알림표지 벽면 스티커 화재주의 인명 피해 방지 표지,9580245297,87124747567,hana1644,1872088,0,전환,0,전환당,0,8,0,0,0,0.00,0.00,0.00
현금 카드 환영 알림 표시판 음식점 식당 식대 먼저 지불 안내판 카페 커피숍 선불표지 협조해 주세요 01,9575547419,87120049689,hana1644,1872088,0,전환,0,전환당,0,2,0,0,0,0.00,0.00,0.00
스티커 화재경보기 안내판 허위 작동금지 알림 표시판 장난 사용금지 과태료 부과 형사처벌 표지 위급시 눌러주세요 스티커 화이트시트 01,9525914249,87070416519,hana1644,1872088,0,전환,0,전환당,0,2,0,0,0,0.00,0.00,0.00
스티커 소방안전관리자현황표 표지판 화이트보드 마카 현황판 안내판 소방법 소방시설 기록 화이트보드 스티커타입,9525909463,87070411733,hana1644,1872088,0,전환,0,전환당,0,75,0,0,0,0.00,0.00,0.00
리튬 배터리 화재 진압 예방 안내판 D급 금속 소화기 위치 표시 유도차량 전기자동차 화재 예방 표지판 전기차 소방 안전,9525860531,87070362801,hana1644,1872088,0,전환,0,전환당,0,3,0,0,0,0.00,0.00,0.00
300X400mm 표지판 화재 대피 요령 안내판 재난 안전수칙 훈련 표지판 엘리베이터 사용금지 피난 대비 행동 계단이용 장소 이동,9525854870,87070357140,hana1644,1872088,0,전환,0,전환당,0,3,0,0,0,0.00,0.00,0.00
400X600mm 표지판 재난 화재 대피 안전수칙 요령 안내판 계단 비상구 이용 피난 유도 표지판 엘리베이터 승강기 사용 금지,9525845262,87070347532,hana1644,1872088,0,전환,0,전환당,0,24,0,0,0,0.00,0.00,0.00
소형 A형 입간판 공동시설 소독 완료구역 알림판 빈대 안심존 표시판 A형 입간판 CLEAN 청결유지 위생관리 안내판 방역시행 해충퇴치 소형 블랙 무지,9511987628,87056489898,hana1644,1872088,0,전환,0,전환당,0,2,0,0,0,0.00,0.00,0.00
소형 A형 입간판 전화 알림 매장 안내 공공장소 사무실 매장 잠시 외출중 알림판 A형 입간판 CLOSED 부재시 연락해주세요 표시판 전화번호 기재 안내 소형 블랙 무지,9488983621,87033483944,hana1644,1872088,0,전환,0,전환당,0,2,0,0,0,0.00,0.00,0.00
소형 A형 입간판 전화 알림 매장 안내 가게 사무실 매장 잠시 CLOSED 외출중 알림 A형 입간판 근처에 있어요 연락처 기재 부재시 전화바람 표시판 소형 노랑 무지,9488764833,87033265156,hana1644,1872088,0,전환,0,전환당,366,1,365659,1,366,100.00,0.00,0.00
스티커 빈 그릇 이곳에 놓아주세요 알림 스티커 식사 후 식기 반납장소 안내 표시판 음식점 식당 퇴식구 위치 표지판 화이트시트 01,9459327301,87003827624,hana1644,1872088,0,전환,0,전환당,0,1,0,0,0,0.00,0.00,0.00
표지판 주의 표지 차단기 조심 알림판 보행자 부딪힘 위험방지 패트 표지판 주차장 진입제한 출차주의 안내판 사고예방 표시,9457768481,87002268804,hana1644,1872088,0,전환,0,전환당,0,2,0,0,0,0.00,0.00,0.00
350x80mm 회사 건물 방향 알림판 아파트 경비실 사무실 관리사무소 위치 유도 안내판 상가 방향 표시판,9397546723,86942047046,hana1644,1872088,0,전환,0,전환당,0,1,0,0,0,0.00,0.00,0.00
대형 주의 표지 청소중 공사중 오뚜기 대형사각 주황 미끄럼주의 도로용품 안전물품 상단 양면 무지 선택안함,9392586744,86937087067,hana1644,1872088,0,전환,0,전환당,0,11,0,0,0,0.00,0.00,0.00
대형 CCTV 녹화중 오뚜기 블랙 대형 외부 차량 주차금지 교통안전용품 상단 양면 무지 선택안함,9359192734,86903693057,hana1644,1872088,0,전환,0,전환당,0,124,0,0,0,0.00,0.00,0.00
표지판 음식점 금연구역 블랙 일반사각 오뚜기 입간판,9358946690,86903447013,hana1644,1872088,0,전환,0,전환당,0,275,0,0,0,0.00,0.00,0.00
대형 자동차 차량 요일제 5부제 대형 사각 주차금지 오뚜기 주차장 안내 표지 단면 뒷면 무지,9327026328,86871526651,hana1644,1872088,0,전환,0,전환당,0,30,0,0,0,0.00,0.00,0.00
학교 구청 공공기관 주차공간 안내 표시 플랜카드 지정경차 자동차 승용차 차량번호 요일제 시행 알림 현수막 공용시설 배려사용 01 기본 열재단,9322973847,86867474170,hana1644,1872088,0,전환,0,전환당,0,3,0,0,0,0.00,0.00,0.00
표지판 공공기관 학교 구청 주차공간 지정 승용차 경차 자동차 차량 요일제 운영 안내 표시판 공동시설 5부제 시행 알림 표지판 에티켓 이용 01,9322410506,86866910829,hana1644,1872088,0,전환,0,전환당,0,5,0,0,0,0.00,0.00,0.00
주의 표지 어린이 놀이시설 이용 안내판 아이 아동 안전사고 주의 알림판 미끄럼틀 시소 그네 넘어짐주의 관리사무소 연락 표시판,9121732900,86666233223,hana1644,1872088,0,전환,0,전환당,0,9,0,0,0,0.00,0.00,0.00
표지판 주의 표지 공용시설 에티켓 매너 준수 알림판 반려동물 수영장 이용수칙 안내 표지판 도그풀 안전예방 사고주의 표시 가로타입 L01,9062695223,86607195583,hana1644,1872088,0,전환,0,전환당,396,271,1462,1,396,0.37,0.00,0.00
병원 진료 엘리베이터 승강기 공지판 10구 자석 아파트 교회 게시판 교회 병원 학원 알림판 A4 메모 보드 식당 음식점 벽메뉴판 안내문,9056918503,86601418826,hana1644,1872088,0,전환,0,전환당,0,50,0,0,0,0.00,0.00,0.00
병원 진료 어린이집 환경판 8구 교회 병원 게시판 자석 메모 보드 아파트 건물 인포메이션 알림판 학교 학원 안내문 A4 인포메이션,9056795948,86601296271,hana1644,1872088,0,전환,0,전환당,0,102,0,0,0,0.00,0.00,0.00
교회 학급 알림판 6구 자석 다보 게시판 A4 공지 보드 아파트 엘리베이터 안내문 식당 메뉴판,9056480849,86600981172,hana1644,1872088,0,전환,0,전환당,0,145,0,0,0,0.00,0.00,0.00
영유아 동승자 임산부 우선 구역 알림 가족 배려 주차장 표지 현수막 교통약자 전용 케어존 표시 안내 01 기본 열재단,9025642332,86570142655,hana1644,1872088,0,전환,0,전환당,0,3,0,0,0,0.00,0.00,0.00
소형 A형 입간판 care zone 지정구역 알림 표시판 가족 배려이용 주차장 안내판 A형 입간판 교통약자 임산부 우선공간 표지판 에티켓 매너 소형 블랙 무지,9025194031,86569694354,hana1644,1872088,0,전환,0,전환당,0,2,0,0,0,0.00,0.00,0.00
표지판 임산부 노약자 영유아동 동승자 교통약자 배려이용 주차장 안내판 전용 지정구역 표시판 일반 경차 승용차금지 알림 표지판 세로타입,8991570454,86536070777,hana1644,1872088,0,전환,0,전환당,0,9,0,0,0,0.00,0.00,0.00
스티커 주의 표지 틈사이 발끼임 주의 안내 자동 회전문 알림 스티커 손대지 마세요 표시 인원제한 충돌위험 예방표지 주의사항 지침 화이트시트 타입 W01,8991307548,86535807871,hana1644,1872088,0,전환,0,전환당,0,3,0,0,0,0.00,0.00,0.00
소형 A형 입간판 차량 출입 통제 안내판 A형 입간판 하천범람 위험구역 알림판 폭우 강우시 도로 침수 안전사고 예방 표시판 급류 진입금지 소형 블랙 무지,8974428977,86518929300,hana1644,1872088,0,전환,0,전환당,0,29,0,0,0,0.00,0.00,0.00
소형 A형 입간판 주의 표지 폭우 강우시 지하차도 진입금지 안내판 A형 입간판 일반차량 통행주의 알림판 하천범람 급류 조심 표시판 안전사고 예방 소형 블랙 무지,8974287985,86518788308,hana1644,1872088,0,전환,0,전환당,0,32,0,0,0,0.00,0.00,0.00
소형 A형 입간판 주의 표지 분실 위험주의 우산꽂이 보관통 거치대 이용 안내판 A형 입간판 도난위험 방지예방 타인피해금지 배려 협조 표시판 소형 노랑 무지,8972760625,86517260948,hana1644,1872088,0,전환,0,전환당,0,1,0,0,0,0.00,0.00,0.00
소형 A형 입간판 주의 표지 지하차도 진입금지 표시판 A형 입간판 차량 통행주의 알림 표지판 인명 피해예방 폭우 강우시 하천범람 급류 사고조심 소형 노랑 무지,8967485231,86511985554,hana1644,1872088,0,전환,0,전환당,0,35,0,0,0,0.00,0.00,0.00
주의 표지 공용장소 시설 이용 안내판 핸드폰 스마트폰 공공 충전 서비스 알림 표시판 휴대폰 분실 도난주의 타인배려 피해금지 표지 01,8967204110,86511704433,hana1644,1872088,0,전환,0,전환당,0,1,0,0,0,0.00,0.00,0.00
130x130mm 스티커 주의 표지 우산꽂이 보관통에 넣어주세요 안내판 공용장소 이용시 배려 협조 표시판 분실 도난주의 알림 스티커 타인 피해금지 투명스티커,8952154250,86496654574,hana1644,1872088,0,전환,0,전환당,0,1,0,0,0,0.00,0.00,0.00
병원 진료 보호자 없는 미동반 안내판 병원 요양원 시설 지정 간병실 운영 알림 표시판 공동 간호인 표지 타인 피해금지 01,8951702474,86496202795,hana1644,1872088,0,전환,0,전환당,0,5,0,0,0,0.00,0.00,0.00
화재예방 산림 인접지역 산불방지 위반사항 처벌규정 안내판 발화 인화물질 지참금지 미허가 출입제한 알림,8946135999,86490636322,hana1644,1872088,0,전환,0,전환당,0,2,0,0,0,0.00,0.00,0.00
스티커 주의 표지 현관문 창문 꼭 닫아주세요 문구 표시판 스티커 눈 빗물 유입 넘어짐 낙상사고 위험 안내판 안전 예방주의 알림 블랙 타입,8934620846,86479121169,hana1644,1872088,0,전환,0,전환당,0,1,0,0,0,0.00,0.00,0.00
소형 A형 입간판 예약안내 매장 안내 매장 가게내 우선 예약제 실시 안내판 A형 입간판 성형외과 치과 방문시 전화 알림 표시판 빠른 진료 검사 가능 표지 소형 블랙 무지,8816686632,86361186955,hana1644,1872088,0,전환,0,전환당,0,3,0,0,0,0.00,0.00,0.00
소형 A형 입간판 주의 표지 아파트 거주자 이웃 주민 피해주의 안내판 A형 입간판 비둘기 먹이주지 마세요 알림 표시판 모이 제공금지 표지 번식방지 소형 블랙 무지,8816028407,86360528730,hana1644,1872088,0,전환,0,전환당,0,2,0,0,0,0.00,0.00,0.00
소형 A형 입간판 승용차 경차 차량 무료이용 주차권 발급 등록 확인 안내판 A형 입간판 parking 추가요금 운영시간 알림 표지판 직원문의 소형 블랙 무지,8815949938,86360450261,hana1644,1872088,0,전환,0,전환당,0,4,0,0,0,0.00,0.00,0.00
소형 A형 입간판 주의 표지 독서실 도서관내 외부 음식물 반입금지 안내판 A형 입간판 공공장소 실내 간식 음료 섭취주의 알림 표시판 타인 배려표지 소형 블랙 무지,8815615124,86360115447,hana1644,1872088,0,전환,0,전환당,0,4,0,0,0,0.00,0.00,0.00
소형 A형 입간판 주의 표지 충돌 넘어짐 안전사고 위험주의 안내판 A형 입간판 영화관 극장 퇴장 후 재입장 금지 알림 표시판 전용입구 이용 소형 블랙 무지,8815470320,86359970643,hana1644,1872088,0,전환,0,전환당,0,8,0,0,0,0.00,0.00,0.00
소형 A형 입간판 주의 표지 비둘기 번식주의 안내판 길거리내 먹이주지 마세요 표시판 A형 입간판 새모이 제공금지 이웃 주민 거주자 피해 안전사고예방 표지판 소형 노랑 무지,8810476759,86354977082,hana1644,1872088,0,전환,0,전환당,0,6,0,0,0,0.00,0.00,0.00
소형 A형 입간판 주차권 등록 확인 안내판 A형 입간판 차량 승용차 경차 parking 무료요금 표시판 카운터 직원 발급문의 표지판 운영시간 장소 소형 노랑 무지,8810344574,86354844897,hana1644,1872088,0,전환,0,전환당,0,2,0,0,0,0.00,0.00,0.00
소형 A형 입간판 퇴장시 재입장 불가 안내판 A형 입간판 관람 방해 금지 알림 표시판 안전사고 예방 표지 영화관 극장 전용입구 이용 소형 노랑 무지,8809531867,86354032190,hana1644,1872088,0,전환,0,전환당,0,3,0,0,0,0.00,0.00,0.00
주의 표지 빌라 주택 비둘기 먹이 제공금지 현수막 이웃 주민 피해주의 알림 주거환경 오염 안내 플랜카드 분변 털 날림 표지 01 기본 열재단,8795175238,86339675561,hana1644,1872088,0,전환,0,전환당,0,3,0,0,0,0.00,0.00,0.00
400x600mm 스티커 주의 표지 공원용 놀이시설 공원 내 비둘기 모이 먹이 제공금지 안내판 주변 이웃주민 타인 사고 피해주의 알림 표시판 스티커 주거환경 오염 예방 화이트시트,8794843711,86339344034,hana1644,1872088,0,전환,0,전환당,0,2,0,0,0,0.00,0.00,0.00
300x400mm 스티커 주의 표지 아파트 빌딩 앞 비둘기 먹이주지 마세요 안내판 스티커 새모이 제공금지 표시판 스티커 이웃 주민 피해주의 안전예방 유해동물 알림 화이트시트,8794799120,86339299443,hana1644,1872088,0,전환,0,전환당,0,1,0,0,0,0.00,0.00,0.00
표지판 분묘 묘지 이장안내 공고 매립식 표지판 무덤 산소 출입 제한구역 알림 표시판 토지주 연락처기입 외부인 금지 사각 타입 안내판(파이프 미포함),8788482258,86332982581,hana1644,1872088,0,전환,0,전환당,0,3,0,0,0,0.00,0.00,0.00
표지판 출입금지 안내 외부인 미허가 출입금지 분묘 묘지이장 공고알림 매립식 표시판 관계자외 외부인 진입 제한 안내 표지판 형태타입 안내판(파이프없음),8788375763,86332876086,hana1644,1872088,0,전환,0,전환당,0,1,0,0,0,0.00,0.00,0.00
표지판 출입금지 안내 미허가 불법 건축물 시설물 철거예정 표시 매립식 표지판 관계자외 출입금지 안내판 푯말 훼손금지 알림 외부인 출입제한 사각 타입 안내판(파이프 미포함),8788250140,86332750463,hana1644,1872088,0,전환,0,전환당,0,4,0,0,0,0.00,0.00,0.00
출입금지 안내 관계자외 외부인 출입금지 말뚝안내판 불법 시설물 건물 철거 예정 알림 표시판 연고자 전화 토지주 연락처 기입 표지 팻말 형태타입 안내판(파이프없음),8788126959,86332627282,hana1644,1872088,0,전환,0,전환당,0,4,0,0,0,0.00,0.00,0.00
200x300mm 스티커 공공장소 공연장 박물관 카페 외부 음식물 음료 반입금지 안내판 시설내 먹지마세요 스티커 협조 배려 알림 표시판 화이트시트,8783969641,86328469964,hana1644,1872088,0,전환,0,전환당,0,2,0,0,0,0.00,0.00,0.00
스티커 매장 안내 상업시설 매장 시설내 물품 물건 가져가지 마세요 문구 표시판 귀중품 분실 도난방지 안내판 cctv 촬영중 작동 알림 스티커 화이트시트 01,8783415650,86327915973,hana1644,1872088,0,전환,0,전환당,0,4,0,0,0,0.00,0.00,0.00
400x600mm 주의 표지 위급 긴급상황 발생시 안전 관리실 문의 안내판 차량 내부 귀금속 물건 분실 도난주의 알림 표시판 노약자 어린이 보호,8777452688,86321953011,hana1644,1872088,0,전환,0,전환당,0,3,0,0,0,0.00,0.00,0.00
스티커 공공시설 강아지 고양이 목줄 착용 안내 표시판 케이지 동반 출입 가능 알림 스티커 안전사고 예방 표지판 펫티켓 준수 화이트시트,8777049353,86321549676,hana1644,1872088,0,전환,0,전환당,0,7,0,0,0,0.00,0.00,0.00
포맥스 3T 스티커 매장 안내 식당 카페 공공장소 강아지 고양이 출입가능 스티커 매장 동반 입장 안내판 실내 안전사고 예방 타인 피해금지 알림 사각형타입_R01,8772315371,86316815694,hana1644,1872088,0,전환,0,전환당,0,3,0,0,0,0.00,0.00,0.00
스티커 매장 안내 강아지 고양이 반려동물 카페 식당 공공장소 출입가능 스티커 호텔 펜션 펫존 동반 안내 표시 실내 매장 입장 사각형(소) 타입 S01,8771594642,86316094965,hana1644,1872088,0,전환,0,전환당,0,2,0,0,0,0.00,0.00,0.00
소형 A형 입간판 어린이 키즈케어존 알림 표시판 A형 입간판 카페 식당 공공장소 유아 아동 안전 사고예방 표지판 에티켓 매너 안내 소형 블랙 무지,8751958643,86296458966,hana1644,1872088,0,전환,0,전환당,0,2,0,0,0,0.00,0.00,0.00
소형 A형 입간판 매장 안내 실내 매장 가게 반려동물 강아지 고양이 동반입장 출입가능 안내판 A형 입간판 펫티켓 예절 이용 표시판 전용 petzone 알림 소형 블랙 무지,8750842252,86295342575,hana1644,1872088,0,전환,0,전환당,0,1,0,0,0,0.00,0.00,0.00
소형 A형 입간판 유아 어린이 노키즈존 표시 A형 입간판 보호자 아동 동반 출입 제한 표지판 시설 이용자 배려 알림 안내판 안전 사고예방 소형 블랙 무지,8750672326,86295172649,hana1644,1872088,0,전환,0,전환당,0,1,0,0,0,0.00,0.00,0.00
소형 A형 입간판 반려견 강아지 고양이 식당 카페 동반 출입가능 A형 입간판 공공장소 펫티켓 예절 이용 안내판 타인 배려 이용 알림 표지판 소형 노랑 무지,8746556482,86291056805,hana1644,1872088,0,전환,0,전환당,0,1,0,0,0,0.00,0.00,0.00
표지판 어린이 스쿨버스 등원차량 운행 안내판 유치원 정류장 셔틀 위치 표시 표지판 학원 학교 승차 하차 지정 구역 탑승 알림 단면 01,8745587540,86290087863,hana1644,1872088,0,전환,0,전환당,0,12,0,0,0,0.00,0.00,0.00
스티커 매장 안내 키즈 케어존 안내판 공공장소 매장 카페 출입시 아이 어린이 동반 KIDS CAREZONE 스티커 아동 자녀 기물파손시 보호자 동반자 책임 투명스티커 정사각형 타입,8740371613,86284871936,hana1644,1872088,0,전환,0,전환당,0,2,0,0,0,0.00,0.00,0.00
대형 어린이집 유치원 생일 축하 현수막 친구 우정 파티 동급생 가족 해피버스데이 이벤트 문구 표지 대형 플랜카드 열재단 직사각형,8735217503,86279717826,hana1644,1872088,0,전환,0,전환당,0,21,0,0,0,0.00,0.00,0.00
스티커 전화 알림 학교 집단 단체 따돌림 괴롭힘 금지 계단 안내판 학폭 상담 전화번호 표시판 바른 언어 행동 알림 표지 스티커 화이트시트 01,8697224841,86241725164,hana1644,1872088,0,전환,0,전환당,0,7,0,0,0,0.00,0.00,0.00
420x594mm 표지판 주의 표지 학폭 신고 상담번호 표시 안내판 초등학교 중학교 학원 집단 단체 따돌림 주의 알림 폭행 폭력 처벌대상 표지판 자살예방,8682308353,86226808676,hana1644,1872088,0,전환,0,전환당,0,7,0,0,0,0.00,0.00,0.00
표지판 아파트 관리사무소 평일 주말 주차장 운영시간 안내 표지판 차량 주차시 이용 표시판 문의 사항 알림 01,8682067796,86226568119,hana1644,1872088,0,전환,0,전환당,0,6,0,0,0,0.00,0.00,0.00
마스크 착용 의무 착용법 안내 표시판 밀집 밀폐공간 표지 화이트시트 정사각형 타입,8681813180,86226313503,hana1644,1872088,0,전환,0,전환당,0,2,0,0,0,0.00,0.00,0.00
스티커 병원 진료 마스크 착용의무 전면 해제 안내판 손소독 세수 필수 스티커 병원 일부 공공시설 밀폐 밀집 공간 자율적 권고 표지판 화이트시트 정사각형 타입,8681497660,86225997983,hana1644,1872088,0,전환,0,전환당,0,1,0,0,0,0.00,0.00,0.00
스티커 소화기 표시 스티커 야광 스티커 유도 표지 야광 축광 소화전 사용방법 안내 표지판 화재 대비 포맥스,8681138625,86225638948,hana1644,1872088,0,전환,0,전환당,0,102,0,0,0,0.00,0.00,0.00
1200x300mm 스티커 주의 표지 도움 요청 신고번호 알림 표시 학교폭력 예방 안내 바닥스티커 집단 따돌림 폭행 금지 표지 바른언어 주의 미끄럼방지 스티커,8676567942,86221068265,hana1644,1872088,0,전환,0,전환당,0,21,0,0,0,0.00,0.00,0.00
600x150mm 스티커 학교폭력 예방 복도 바닥스티커 공공 단체생활 자살 따돌림 금지 표시 도움 요청시 신고번호 알림 표지 미끄럼방지 스티커,8676538650,86221038971,hana1644,1872088,0,전환,0,전환당,0,1,0,0,0,0.00,0.00,0.00
400x120mm 스티커 주의 표지 휴대폰 카메라 지갑 중요 소지품 추락 낙하주의 스티커 난간에 기대지 마세요 안내 표시 안전사고 주의사항 알림,8675854308,86220354631,hana1644,1872088,0,전환,0,전환당,0,5,0,0,0,0.00,0.00,0.00
소형 스티커 주의 표지 스포츠 관람 이용 안전수칙 안내 경기장 난입금지 물건 투척 투하 주의 알림 난간에 기대지 마세요 추락주의 표시 패브릭 스티커 소형 타입,8659573403,86204073726,hana1644,1872088,0,전환,0,전환당,139,813,171,1,139,0.12,0.00,0.00
450x300mm 스티커 어린이집 유치원 홍보 차량 자석 스티커 개인 태권도 발레 미술 피아노 학원 광고 표시 종합전문 과외 알림 표지,8659205641,86203705964,hana1644,1872088,0,전환,0,전환당,0,45,0,0,0,0.00,0.00,0.00
빗물받이 표시 안내 바닥 금속특수 스티커 원형 사각,8644487020,86188987343,hana1644,1872088,0,전환,0,전환당,0,7,0,0,0,0.00,0.00,0.00
대형 스티커 주의 표지 대형차 캠핑카 고속운전 사고 주의 예방 안전거리 유지 안내 저속 시속제한표시 차량스티커 양보운행 배려 표지 직사각형 타입,8643938586,86188438909,hana1644,1872088,0,전환,0,전환당,0,2,0,0,0,0.00,0.00,0.00
스티커 어린이 승하차 버스 승강장 정거장 위치 안내 표시 바닥스티커 일반 승용차 경차 불법 주정차 금지 알림 표지,8643593900,86188094223,hana1644,1872088,0,전환,0,전환당,0,7,0,0,0,0.00,0.00,0.00
장애인 전용 경차 전용 주차구역 안내 일반차량 주정차 금지 표시 전기차 충전구역 E01,8638890175,86183390497,hana1644,1872088,0,전환,0,전환당,0,4,0,0,0,0.00,0.00,0.00
스티커 반려동물 강아지 고양이 공공장소 출입제한 금지 바닥스티커 진입금지 문구 표시 협조 안내 알림 미끄럼방지스티커,8638612805,86183113128,hana1644,1872088,0,전환,0,전환당,0,4,0,0,0,0.00,0.00,0.00
70x70mm 스티커 공용물품 문구 원형 부착스티커 도서관 독서실 카페 회사 공공시설 용품 안내 사용후 제자리에 놓아주세요 14ea,8638243347,86182743670,hana1644,1872088,0,전환,0,전환당,0,1,0,0,0,0.00,0.00,0.00
표지판 빌딩 아파트 주택 단지 주차장 서행 표지판 지정 속도 규정 안내 표시 교통 사고예방 어린이 보호구역 알림 안전거리 유지 직사각형 타입,8637365342,86181865665,hana1644,1872088,0,전환,0,전환당,0,2,0,0,0,0.00,0.00,0.00
스티커 도어스윙 바닥스티커 표시 물건 적치 적재 금지 안내 표지 사람 부딪힘 충돌사고 안전예방 조심 알림,8632424417,86176924740,hana1644,1872088,0,전환,0,전환당,0,3,0,0,0,0.00,0.00,0.00
주의 표지 야생동물 뱀 곰 고라니 출몰위험지역 야간 산행 금지 경고 말뚝안내판 차량 안전사고 주의 예방 서행 표시 알림 형태타입 안내판(파이프없음),8606452889,86150953212,hana1644,1872088,0,전환,0,전환당,0,215,0,0,0,0.00,0.00,0.00
공공기관 회사 복도내 스마트폰 사용주의 바닥 스티커 보행 충돌 주의 표시 핸드폰 사용금지 문구 안내 좌우확인,8601799989,86146300312,hana1644,1872088,0,전환,0,전환당,0,7,0,0,0,0.00,0.00,0.00
아파트 단지 상업기관 화장실 주차장 엘리베이터 천장형 방향 안내판 표시 공공기관 백화점 아울렛 푸드코너 식당 위치 표지 짧은 타입,8570121723,86114622046,hana1644,1872088,0,전환,0,전환당,0,30,0,0,0,0.00,0.00,0.00
주의 표지 공원용 공원 산책시 야생동물 출현주의 안내판 멧돼지 뱀 출몰 경고 표시 차량 천천히 서행하세요 사고 예방 표지 반사지+포맥스 3T 마름모형 타입 01,8555229210,86099729533,hana1644,1872088,0,전환,0,전환당,0,4,0,0,0,0.00,0.00,0.00
소형 A형 입간판 A형 입간판 시설물 미허가 건물 불법 설치 철거안내 표지판 묘지 분묘 이장 요청 PE 표시판 외부인 제한 연고자 신고 소형 노랑 무지,8554862848,86099363171,hana1644,1872088,0,전환,0,전환당,0,2,0,0,0,0.00,0.00,0.00
200x130mm 표지판 CCTV 설치안내문 촬영중 표지판 포맥스 확장형 안내판 작동중 녹화중 방범용 표시,8536076528,86080576851,hana1644,1872088,0,전환,0,전환당,0,69,0,0,0,0.00,0.00,0.00
스티커 건물내 오피스텔 아파트 오토바이 자전거 분실 방지 표시 주차스티커 화이트강접시트_가로 1000매,8529651990,86074152313,hana1644,1872088,0,전환,0,전환당,0,17,0,0,0,0.00,0.00,0.00
스티커 주의 표지 오피스텔 빌딩 자전거 도난 방지 주의 주차스티커 오토바이 킥보드 분실 대비 이름표 표시문 유포지_가로 1000매,8529632572,86074132895,hana1644,1872088,0,전환,0,전환당,0,2,0,0,0,0.00,0.00,0.00
스티커 스쿠터 오토바이 도난 분실 방지 안내 이름표 자전거 주차스티커 표시 화이트강접시트_확장 1000매,8529605217,86074105540,hana1644,1872088,0,전환,0,전환당,0,23,0,0,0,0.00,0.00,0.00
스티커 오피스텔 빌딩 아파트 자전거 주차스티커 오토바이 스쿠터 도난 방지 이름표 표시 관리 유포지_확장 1000매,8529555402,86074055725,hana1644,1872088,0,전환,0,전환당,0,2,0,0,0,0.00,0.00,0.00
스티커 실명제 도난 방지 주차스티커 자전거 오토바이 스쿠터 분실 관리 주차증 화이트강접시트_형태 1000매,8529520656,86074020979,hana1644,1872088,0,전환,0,전환당,0,4,0,0,0,0.00,0.00,0.00
스티커 분실 도난 방지 자전거 실명제 주차스티커 아파트 오피스텔 바이크 오토바이 이름표 부착 관리 유포지_형태 1000매,8529507180,86074007503,hana1644,1872088,0,전환,0,전환당,0,4,0,0,0,0.00,0.00,0.00
스티커 관리사무소 건물 관리 아파트 자전거 실명제 주차스티커 도난 분실 방지 이름표 화이트강접시트_원형 1000매,8529487682,86073988005,hana1644,1872088,0,전환,0,전환당,0,26,0,0,0,0.00,0.00,0.00
스티커 미사용 자전거 수거 안내 문구 스티커 공공장소 무단 방치시 폐기 처분 표시문 01 50매,8528614667,86073114990,hana1644,1872088,0,전환,0,전환당,0,4,0,0,0,0.00,0.00,0.00
스티커 승용차 트럭 자동차 화물차 왕눈이 졸음운전 후미 사고 추돌 방지 예방 반사 스티커 표지 튜닝 반사지 200X200,8528302273,86072802596,hana1644,1872088,0,전환,0,전환당,0,5,0,0,0,0.00,0.00,0.00
경비원 산업 안전 근무 수칙 주의 표지판 재난 대비 표시 보호구 착용 대처방안 경고 작업안내 스티커 미화원 건강관리 알림판 400x600mm 화이트시트 G01,8472659062,86017159385,hana1644,1872088,0,전환,0,전환당,0,2,0,0,0,0.00,0.00,0.00
300x200mm 표지판 주의 표지 지하주차장 주의사항 안내판 차량 적정 주차간격 유지 타인 피해 금지 표시판 승하차 자동차 표지판,8324953196,85869453519,hana1644,1872088,0,전환,0,전환당,0,5,0,0,0,0.00,0.00,0.00
400x150mm 표지판 출입금지 안내 외부인 출입금지 표지판 통제구역 경고 안내판 진입 금지 건물 들어오지 마세요 주의 표시 실사출력,8273625360,85818125683,hana1644,1872088,0,전환,0,전환당,0,1,0,0,0,0.00,0.00,0.00
소형 A형 입간판 출입금지 안내 외부인 사유지 출입금지 표시 A형 입간판 경찰 신고 안내 건물 무단 침입 과태료 부과 알림 cctv 촬영중 소형 블랙 무지,8162292007,85706792330,hana1644,1872088,0,전환,0,전환당,0,2,0,0,0,0.00,0.00,0.00
소형 A형 입간판 드라마 영화 촬영중 A형 입간판 길거리 촬영협조 안내 표지판 소음 방해 금지 소형 블랙 무지,8162096400,85706596723,hana1644,1872088,0,전환,0,전환당,0,2,0,0,0,0.00,0.00,0.00
소형 A형 입간판 출입금지 안내 청소중 표지판 관계자외 출입금지 미끄럼주의 미화원 남자 여자 화장실 청소 안내 A형 입간판 잠시 기다려주세요 경고문 소형 블랙 무지,8161970964,85706471287,hana1644,1872088,0,전환,0,전환당,0,2,0,0,0,0.00,0.00,0.00
소형 A형 입간판 주의 표지 수영장 이용 안전 수칙 A형 입간판 물놀이 영업시간 안내 음식물 반입금지 보호자동반 바닥 미끄럼주의 표지판 소형 블랙 무지,8161923038,85706423361,hana1644,1872088,0,전환,0,전환당,0,1,0,0,0,0.00,0.00,0.00
소형 A형 입간판 신발 벗고 들어오세요 안내 입간판 헬스장 탈의실 입장 출입 협조 A형 출입구 신발장 유도 간판 표지판 소형 블랙 무지,8161796616,85706296939,hana1644,1872088,0,전환,0,전환당,0,1,0,0,0,0.00,0.00,0.00
소형 A형 입간판 테이크아웃 안내 A형 표지판 모든 메뉴 포장 가능 됩니다 접이식 PE 식당 카운터 TAKEOUT 가게 카페 간판 소형 블랙 무지,8161683481,85706183804,hana1644,1872088,0,전환,0,전환당,0,2,0,0,0,0.00,0.00,0.00
표지판 출입금지 안내 관계자외 출입금지 말뚝안내판 접근주의 통제알림 매립식 표시판 들어오지 마세요 표지판 사각 타입 안내판(파이프 미포함),8134186859,85678687182,hana1644,1872088,0,전환,0,전환당,0,8,0,0,0,0.00,0.00,0.00
토지매매 부동산 공인중개사 매립 말뚝 안내판 현위치 개인사유지 무단출입 경작 훼손 금지 팻말 사각 타입 안내판(파이프 미포함),8130498738,85674999061,hana1644,1872088,0,전환,0,전환당,0,3,0,0,0,0.00,0.00,0.00
소형 A형 입간판 전기차 전용구역 입간판 A형 일반 차량 접근 충전방해 금지 간판 EV 충전완료 주차자리 이동 안내문 소형 블랙 무지,8130200661,85674700984,hana1644,1872088,0,전환,0,전환당,0,1,0,0,0,0.00,0.00,0.00
소형 A형 입간판 외부인 출입 진입 금지 A형 간판 만차 주차 공간 입간판 공사중 보행자 접근 위험구간 경고 표지판 소형 블랙 무지,8129905725,85674406048,hana1644,1872088,0,전환,0,전환당,0,6,0,0,0,0.00,0.00,0.00
소형 A형 입간판 절대 서행 감속 표지판 차량 사내 제한속도 10km A형 입간판 도로 안전 자동차 운행 일시정지 안내문 소형 블랙 무지,8117938524,85662438847,hana1644,1872088,0,전환,0,전환당,0,2,0,0,0,0.00,0.00,0.00
250x150mm 소형 표지판 심폐소생술 재난 안전 교육 순서 표지판 학교 CPR 소방 훈련 체험 안내 표시 가슴압박 인공호흡 구조요청 의식 확인 소형,8101759401,85646259724,hana1644,1872088,0,전환,0,전환당,0,3,0,0,0,0.00,0.00,0.00
소형 A형 입간판 오토바이 주차구역 A형 입간판 이륜차 바이크 전용 주차장 표지판 차량 금지 상가 아파트 관리 소형 블랙 무지,8101142290,85645642613,hana1644,1872088,0,전환,0,전환당,0,1,0,0,0,0.00,0.00,0.00
소형 A형 입간판 주의 표지 바닥 미끄럼주의 수영장 수심 안내 입간판 풀장 다이빙금지 입수전 준비운동 A형 표지판 강습중 경계선 중급 고급 레인 레일 소형 블랙 무지,8096218060,85640718383,hana1644,1872088,0,전환,0,전환당,0,3,0,0,0,0.00,0.00,0.00
소형 A형 입간판 구두 운동화 수선 전문점 접이식 표지판 수선집 위치 유도 표시 A형 입간판 가게 상가 안내문 소형 블랙 무지,8096094811,85640595134,hana1644,1872088,0,전환,0,전환당,0,1,0,0,0,0.00,0.00,0.00
표지판 카트 보관소 보관대 안내판 마트 슈퍼 사용후 제자리 표지판 지식산업단지 이용 운반대 위치표시 팻말 01,8090216945,85634717268,hana1644,1872088,0,전환,0,전환당,0,1,0,0,0,0.00,0.00,0.00
소형 A형 입간판 엘리베이터 점검중 정비중 A형 입간판 관계자외 출입 진입 금지 승강기 이용 안내 PE 표지판 기계 조작 사용 경고 소형 블랙 무지,8090081638,85634581961,hana1644,1872088,0,전환,0,전환당,0,3,0,0,0,0.00,0.00,0.00
표지판 전기공사 현장 표지판 건설 허가 발주자 설계자 시공자 감리자 안전관리자 산업안전 공사 표시 과태료 부과 안내판,8079799937,85624300260,hana1644,1872088,0,전환,0,전환당,593,40,14815,1,593,2.50,0.00,0.00
소형 A형 입간판 먼저 인사합니다 서로 배려합니다 늘 감사합니다 배려 A형 입간판 초등학교 복도 도서관 예절 예의 안내판 소형 블랙 무지,8057318136,85601818459,hana1644,1872088,0,전환,0,전환당,0,6,0,0,0,0.00,0.00,0.00
고객 전용구역 주차금지 접이식 표지판 차량 주차장 안내 A형 입간판 발렛 파킹 서비스 이용시간 표시판 블랙 단면선택시,8056912396,85601412719,hana1644,1872088,0,전환,0,전환당,0,106,0,0,0,0.00,0.00,0.00
소형 A형 입간판 주의 표지 매장 안내 음료 커피 음식물 반입금지 접이식 표지판 카페 외부음식 불가 경고문 A형 입간판 가게 식당 상가 매장 주의 표시 소형 블랙 무지,8056102184,85600602507,hana1644,1872088,0,전환,0,전환당,0,3,0,0,0,0.00,0.00,0.00
소형 A형 입간판 아파트 관리사무소 경비실 무인 택배 보관함 안내판 택배 받는곳 보관소 받습니다 위치 유도 A형 입간판 표지판 CCTV 녹화중 촬영중 소형 블랙 무지,8052371424,85596871747,hana1644,1872088,0,전환,0,전환당,0,4,0,0,0,0.00,0.00,0.00
소형 A형 입간판 휠체어 진입로 A형 표지판 입간판 상가 건물 식당 카페 화장실 마크 엘리베이터 표시 장애인전용 안내판 입구 위치 유도 표시 소형 블랙 무지,8051654727,85596155050,hana1644,1872088,0,전환,0,전환당,0,1,0,0,0,0.00,0.00,0.00
스티커 주의 표지 지게차 충돌 주의 위험 접근금지 일단정지 경고 산업 안전 수칙 바닥 스티커,8051259518,85595759841,hana1644,1872088,0,전환,0,전환당,0,13,0,0,0,0.00,0.00,0.00
소형 A형 입간판 가게 오픈 시간 안내 A형 입간판 식당 카페 OPEN 영업중 간판 PE 접이식 표지판 어서오세요 소형 블랙 무지,8050556257,85595056580,hana1644,1872088,0,전환,0,전환당,0,68,0,0,0,0.00,0.00,0.00
소형 A형 입간판 매장 안내 매장 출구 안내 간판 A형 안녕히가세요 EXIT 접이식 표지판 카페 식당 나가는곳 위치 유도 상가 건물 관리 소형 블랙 무지,8050400300,85594900623,hana1644,1872088,0,전환,0,전환당,0,2,0,0,0,0.00,0.00,0.00
표지판 매장 안내 식당 순번 대기 명단 작성 유도 안내판 음식점 손님 웨이팅 표지판 카페 매장 알람 알림판 01,8046533553,85591033876,hana1644,1872088,0,전환,0,전환당,0,1,0,0,0,0.00,0.00,0.00
표지판 주의 표지 경사로 미끄럼 주의 위험 구간 지역 표지판 경사면 조심 인라인스케이트 자전거 사고 예방 안내판,8046110189,85590610512,hana1644,1872088,0,전환,0,전환당,513,8,64128,1,513,12.50,0.00,0.00
소형 A형 입간판 현관 입구 위치유도 WELCOME A형 표지판 카페 식당 어서오세요 영업중 간판 상가 가게 위치 유도 표시 소형 블랙 무지,8038724468,85583224791,hana1644,1872088,0,전환,0,전환당,0,1,0,0,0,0.00,0.00,0.00
소형 A형 입간판 차량 세차중 접이식 표지판 세차장 자동차 위치 유도 표시 빠른 출차 안내문 주유소 A형 간판 잠시만 기다려주세요 소형 블랙 무지,8038299109,85582799432,hana1644,1872088,0,전환,0,전환당,0,1,0,0,0,0.00,0.00,0.00
소형 A형 입간판 주유소 세차 종료 완료 간판 세차장 차량 빠른 출차 안내 A형 접이식 표지판 상가 가게 소형 블랙 무지,8023841548,85568341871,hana1644,1872088,0,전환,0,전환당,0,4,0,0,0,0.00,0.00,0.00
소형 A형 입간판 매장 안내 카페 BREAK TIME 브레이크타임 매장 가게 영업 준비 오픈 외출중 안내 접이식 표지판 PE 식당 카페 A형 입간판 쉬는시간 소형 블랙 무지,8021194658,85565694981,hana1644,1872088,0,전환,0,전환당,0,1,0,0,0,0.00,0.00,0.00
표지판 수변구역 상수원 보호구역 표지판 야영장 취사 캠핑 금지 낚시 수영 출입 금지 산림 자연 환경보호구역 환경계몽 표지판,8016347925,85560848247,hana1644,1872088,0,전환,0,전환당,0,1,0,0,0,0.00,0.00,0.00
소형 A형 입간판 사진 동영상 촬영 녹화 금지 접이식 A형 입간판 미술관 전시회 보안 불법 장비 탐지중 표지판 화장실 경고 안내문 소형 블랙 무지,8014807061,85559307384,hana1644,1872088,0,전환,0,전환당,0,1,0,0,0,0.00,0.00,0.00
소형 A형 입간판 주의 표지 핸드폰 지갑 분실주의 소지품 확인 표지판 PE 간판 식당 카페 물건 중요물품 챙기세요 경고 A형 접이식 입간판 소형 블랙 무지,8014619526,85559119849,hana1644,1872088,0,전환,0,전환당,0,2,0,0,0,0.00,0.00,0.00
소형 A형 입간판 목욕탕 찜질방 영업중 안내 표지판 건물 관리 사우나 시설 완비 출입구 유도 접이식 PE 입간판 A형 소형 블랙 무지,8011679291,85556179613,hana1644,1872088,0,전환,0,전환당,0,1,0,0,0,0.00,0.00,0.00
표지판 주의 표지 화물용 승강기 안전 수칙 관리 안내판 엘리베이터 사람 조작금지 탑승금지 경고 표지판 조작자 화물취급자 주의사항,8010695048,85555195371,hana1644,1872088,0,전환,0,전환당,0,2,0,0,0,0.00,0.00,0.00
소형 A형 입간판 무인항공기 촬영중 안전거리 확보 A형 간판 드론 비행 금지구역 산림방제중 출입 통제 경고 접이식 표지판 소형 블랙 무지,8009567999,85554068322,hana1644,1872088,0,전환,0,전환당,0,2,0,0,0,0.00,0.00,0.00
소형 A형 입간판 자동차 교통사고 위험 지역 구역 경고 표지판 뛰지마시오 A형 입간판 뛰어가지마세요 사고예방 차량 서행 출차 도로교통 안전 소형 블랙 무지,8005701163,85550201493,hana1644,1872088,0,전환,0,전환당,0,1,0,0,0,0.00,0.00,0.00
소형 A형 입간판 주의 표지 학교 시험기간 교무실 사무실 출입 제한 접근 금지 불가 A형 입간판 학원 교내 사무실 보안 주의 PE 접이식 표지판 소형 블랙 무지,8005318755,85549819078,hana1644,1872088,0,전환,0,전환당,0,1,0,0,0,0.00,0.00,0.00
엘리베이터 층별 위치 표시 미니간판 건물 상가 상호명 안내 표지 승강기 층수 알림 명판 무인세탁소 학원 카페,7937149837,85481650160,hana1644,1872088,0,전환,0,전환당,0,50,0,0,0,0.00,0.00,0.00
스티커 건강한 습관 기초근력 온도 강화 지구 에너지 절감 계단 오르기 학교 가게 빌딩 건강 계단 걷기 스티커,7931263107,85475763429,hana1644,1872088,0,전환,0,전환당,0,10,0,0,0,0.00,0.00,0.00
표지판 주차장 전기차 충전 유의사항 안내판 전기자동차 과충전금지 표지판 감전위험 사고예방 차량 주기적 점검 관리사무소,7900088155,85444588478,hana1644,1872088,0,전환,0,전환당,0,4,0,0,0,0.00,0.00,0.00
대형 전기차 충전 유의사항 안내 현수막 대형 전기자동차 주기적 점검 사고 예방 플랜카드 젖은손 감전 위험 경고문 기본 열재단,7893373900,85437874223,hana1644,1872088,0,전환,0,전환당,0,3,0,0,0,0.00,0.00,0.00
소형 A형 입간판 CLOSED 금일휴업 표지판 식당 가게 영업시간 안내 정기휴무 접이식 PE 입간판 쉬는날입니다 카페 A형 간판 소형 블랙 무지,7836731905,85381232227,hana1644,1872088,0,전환,0,전환당,0,9,0,0,0,0.00,0.00,0.00
스티커 주의 표지 보행자 자동차 충돌주의 좌우확인 차량주의 경고 표지 도로 교통 안전 신호등 교차로 통행 사고 예방 바닥 스티커,7835394726,85379895048,hana1644,1872088,0,전환,0,전환당,0,14,0,0,0,0.00,0.00,0.00
표지판 주유소 요소수 구매 판매합니다 가능 안내 표지판 디젤 차량 화물차 위치 유도 표시 팻말 재고 확인 판매중,7818716606,85363216928,hana1644,1872088,0,전환,0,전환당,0,1,0,0,0,0.00,0.00,0.00
표지판 식당 유도 안내판 아침 식사 가능 포장가능 정기휴일 됩니다 표지판 가게 음식점 오픈 영업중 출입문 문패 OPEN 팻말,7814072860,85358573182,hana1644,1872088,0,전환,0,전환당,0,5,0,0,0,0.00,0.00,0.00
표지판 매장 안내 식당 번호표 뽑아주세요 발행기 표지판 병원 은행 순번 대기 안내판 매장 카페 대기표 뽑는곳 위치표시 푯말,7813860136,85358360458,hana1644,1872088,0,전환,0,전환당,0,1,0,0,0,0.00,0.00,0.00
표지판 주의 표지 빙판길 결빙 넘어짐 주의 표지판 겨울철 미끄럼 경고 표시판 눈길 사고 블랙아이스 예방 도로 안전 팻말 안내판,7792505803,85337006124,hana1644,1872088,0,전환,0,전환당,0,5,0,0,0,0.00,0.00,0.00
표지판 주의 표지 수도 계량기 동파 주의 방지 표지판 아파트 상가 관리 안내문 한파 경고문 겨울철 배관 보일러 사고 예방 안내판,7790509523,85335009845,hana1644,1872088,0,전환,0,전환당,0,2,0,0,0,0.00,0.00,0.00
표지판 150X50mm 매장 안내 식당 테이블 비치품 안내판 음식점 수저 식기 위치표시 알림판 냅킨 앞치마 방향유도 표시 팻말 매장용품 표지판,7736512322,85281012644,hana1644,1872088,0,전환,0,전환당,0,43,0,0,0,0.00,0.00,0.00
표지판 주차단속 유예 안내 표지판 차량 점심시간 불법 주정차 완화 주차 정차 안내판 지역경제 활성화 도로 교통 팻말,7719601851,85264102173,hana1644,1872088,0,전환,0,전환당,0,35,0,0,0,0.00,0.00,0.00
A형 입간판 카페 매장 음식점 식당 영업중 테이크아웃 소형 블랙 무지,7714684573,85259184895,hana1644,1872088,0,전환,0,전환당,0,16,0,0,0,0.00,0.00,0.00
표지판 불법 주정차 단속 과태료 부과 발부 신고 구역 표지판 무단 주차 정차 금지 경고 우회 안내판 도로 교통 안전 표시판,7714311602,85258811924,hana1644,1872088,0,전환,0,전환당,0,2,0,0,0,0.00,0.00,0.00
스티커 점검창 스티커 소방 안전 사설사무실 점검구 위치표시 안내문 공사현장 컨테이너 사고예방 감시창 가리지마세요 안전 표지 기본형 01,7713072987,85257573309,hana1644,1872088,0,전환,0,전환당,0,5,0,0,0,0.00,0.00,0.00
표지판 300X150mm 아파트 주차장 표지판 차량 위치 유도 팻말 자동차 주차구역 쉽게찾기 방향 안내 표시 핸드폰 촬영 표시판 상가 아파트 건물,7709498759,85253999081,hana1644,1872088,0,전환,0,전환당,0,1,0,0,0,0.00,0.00,0.00
스티커 500X50mm 출입금지 안내 옥상 대피 불가 표지 경고 바닥 스티커 소방 안전 출입문 개방주의 화재 피난 유도 사고 예방 출입금지 경고문,7703472176,85247972498,hana1644,1872088,0,전환,0,전환당,0,6,0,0,0,0.00,0.00,0.00
600x400mm 표지판 오토바이 지상출입 진입 금지 안내판 아파트 단지내 보행자 사고 예방 배달 택배 통행금지 표지판,7617349589,85161849911,hana1644,1872088,0,전환,0,전환당,0,9,0,0,0,0.00,0.00,0.00
스티커 현관 자석 스티커 노크해주세요 안내판 알림판 화장실 에티켓 표지판 택배 문앞 방문 도어택 포맥스 3T,7569976409,85114476731,hana1644,1872088,0,전환,0,전환당,0,5,0,0,0,0.00,0.00,0.00
표지판 역주행 금지 도로 교통 안전 표지판 차량 충돌 추돌 사고 방지 예방 안내판 자동차 경고 위험 팻말 포맥스 3T 직사각형,7569403670,85113903992,hana1644,1872088,0,전환,0,전환당,369,5,73862,1,369,20.00,0.00,0.00
표지판 매장 안내 카운터 입금 계좌 이체 번호 입금 안내판 음식점 매장 계산대 은행명 예금주 매장 데스크 탁상 표지판 뱅킹 간편결제 가로타입,7545582318,85090082640,hana1644,1872088,0,전환,0,전환당,0,2,0,0,0,0.00,0.00,0.00
표지판 병원 진료 병원 난동 응급실 폭력 폭행 금지 표지판 간호사 의사 진료방해 위협 경고문 의료진 보호 상해 벌금 처벌 강화 안내판,7545005067,85089505389,hana1644,1872088,0,전환,0,전환당,0,4,0,0,0,0.00,0.00,0.00
대형 주의 표지 고드름 낙하 위험 주의 현수막 겨울철 안전사고 사고 예방 대형 플랜카드 접근금지 경고 한파 주의보 기본 열재단,7539741729,85084242051,hana1644,1872088,0,전환,0,전환당,0,1,0,0,0,0.00,0.00,0.00
표지판 주의 표지 우회전 차량 정지 교차로 끼어들기금지 보행자주의 안내판 자동차 일단멈춤 고휘도 반사 도로 교통 안전 표지판 신호위반 반사지포맥스 세로,7539699193,85084199515,hana1644,1872088,0,전환,0,전환당,0,16,0,0,0,0.00,0.00,0.00
소형 A형 입간판 우측통행 준수 표지 접이식 A형 입간판 보행자 유도 도로 교통 안전 차량 안내 공사중 표지판 소형 노랑 무지,7513793287,85058293609,hana1644,1872088,0,전환,0,전환당,0,1,0,0,0,0.00,0.00,0.00
스티커 주의 표지 충돌주의 경고 표지판 밀집 장소 안전 유의 제일 스티커 행사장 인파 질서유지 안내판 공연장 밀지마시오 인구밀집 위험표시 포맥스 3T,7511139709,85055640031,hana1644,1872088,0,전환,0,전환당,0,1,0,0,0,0.00,0.00,0.00
소화전 분전함 앞 자재 적치금지 반원 스티커 소방 안전 바닥 표시,7505851016,85050351338,hana1644,1872088,0,전환,0,전환당,0,1,0,0,0,0.00,0.00,0.00
표지판 주의 표지 차량 교차지점 충돌주의 표지판 교통 안전 자동차 서행 교차로 장애물 사고 예방 위험 경고 표지 경고문,7504028714,85048529036,hana1644,1872088,0,전환,0,전환당,0,48,0,0,0,0.00,0.00,0.00
문열림 경고 바닥 미끄럼방지 야광 스티커 550x550mm,7498476232,85042976554,hana1644,1872088,0,전환,0,전환당,0,110,0,0,0,0.00,0.00,0.00
문열림 경고 바닥 미끄럼방지 반원 야광 스티커 700x350mm,7497192465,85041692787,hana1644,1872088,0,전환,0,전환당,0,3,0,0,0,0.00,0.00,0.00
대형 주의 표지 경사로 주차 주의사항 안내 현수막 대형 차량 사이드브레이크 벽돌 고임목 설치 접촉사고 예방 플랜카드 기본 열재단,7490934002,85035434324,hana1644,1872088,0,전환,0,전환당,0,2,0,0,0,0.00,0.00,0.00
공원용 공원 열매 무단 채취 금지 현수막 불법 임산물 도토리 밤 버섯 나물 꽃 훼손 경고 과태료부과 플랜카드 경고문 기본 열재단,7465901436,85010401758,hana1644,1872088,0,전환,0,전환당,0,5,0,0,0,0.00,0.00,0.00
대형 아파트 배관 방수 공사 소음 안내 현수막 대형 엘리베이터 승강기 교체 통행 불편 건물 외벽 균열 보수 공지 플랜카드 기본 열재단,7465413649,85009913971,hana1644,1872088,0,전환,0,전환당,0,17,0,0,0,0.00,0.00,0.00
300x200mm 스티커 주의 표지 택시 버스 운전 기사 상해 폭행금지 경고 스티커 공공장소 난동 폭언 주의 표지 사고 예방 범죄 방지 보호,7459090860,85003591182,hana1644,1872088,0,전환,0,전환당,0,1,0,0,0,0.00,0.00,0.00
스티커 200X200mm 외출전 가스밸브 확인하세요 안내 표시 가스레인지 사용 잠김 여부 체크 알림 화재 안전대비 축광스티커,7452365173,84996865495,hana1644,1872088,0,전환,0,전환당,0,2,0,0,0,0.00,0.00,0.00
표지판 주의 표지 수영장 안전수칙 표지판 풀장 수심 운영시간 펜션 물놀이 이용 수심 안내 팻말 음식반입 다이빙 금지 미끄럼주의 안내판,7427349882,84971850204,hana1644,1872088,0,전환,0,전환당,0,13,0,0,0,0.00,0.00,0.00
스티커 휴대용 비상 조명등 랜턴 손전등 위치 유도 표지 간이 투척용 소화기 위치 표시 소방 안전 축광 스티커,7420437909,84964938231,hana1644,1872088,0,전환,0,전환당,0,1,0,0,0,0.00,0.00,0.00
800x100mm 스티커 주의 표지 신발 벗고 입장 가능 안내 바닥 스티커 표지 식당 가게 음식점 피팅룸 헬스장 출입 협조 요청 주의 경고문 투명스티커,7414162928,84958663250,hana1644,1872088,0,전환,0,전환당,0,3,0,0,0,0.00,0.00,0.00
스티커 웨이트존 헬스장 안내 바닥 스티커 트레드밀 런닝머신 정지 위험 사고 올라가세요 표지 휘트니스 안전 경고문 피트니스 센터,7407080374,84951580695,hana1644,1872088,0,전환,0,전환당,0,33,0,0,0,0.00,0.00,0.00
대형 스티커 주차 등록 스티커 발급 안내 플랜카드 아파트 주차장 정비 관리 차량 출입 통제 현수막 대형 기본 열재단,7406604000,84951104323,hana1644,1872088,0,전환,0,전환당,0,5,0,0,0,0.00,0.00,0.00
스티커 화살표 방향 표시 바닥 스티커 이동 동선 유도 은행 안내 표지 상가 건물 사무실 관리 화살표 타입,7377002255,84921502576,hana1644,1872088,0,전환,0,전환당,0,10,0,0,0,0.00,0.00,0.00
스티커 200X100mm 주의 표지 이산화탄소 누출 방출 경고 스티커 MSDS 산업 안전 표지 부상 위험 대피 주의,7376323660,84920823982,hana1644,1872088,0,전환,0,전환당,0,1,0,0,0,0.00,0.00,0.00
스티커 병원 진료 사무실 안내 유도선 위치 표시 바닥 스티커 순서 입장 안내 화살표 방향 표지 미술관 병원 인포메이션,7370085649,84914585971,hana1644,1872088,0,전환,0,전환당,0,9,0,0,0,0.00,0.00,0.00
병원 진료 동선 이동 방향 유도 스티커 100x800mm 4세트,7369937880,84914438202,hana1644,1872088,0,전환,0,전환당,0,5050,0,0,0,0.00,0.00,0.00
스티커 병원 진료 이동 유도 바닥 스티커 병원 응급실 치료실 민원안내 접수 수납 화살표 위치 동선 표지 건물 관리 인포메이션,7369935372,84914435694,hana1644,1872088,0,전환,0,전환당,0,9,0,0,0,0.00,0.00,0.00
표지판 관리사무소 점심 근무 시간 표지판 팻말 아파트 상가 경비실 오픈클로즈 민원요청 운영 휴게 안내문,7368042914,84912543236,hana1644,1872088,0,전환,0,전환당,0,15,0,0,0,0.00,0.00,0.00
150x150mm 표지판 영유아 거치대 위치 표시 안내판 화장실 베이비시트 유도 팻말 기저귀 갈이대 교환대 유도 표지판 공공시설 건물 상가 관리,7362355335,84906855657,hana1644,1872088,0,전환,0,전환당,0,1,0,0,0,0.00,0.00,0.00
대형 아파트 놀이터 야간 소음 방지 자제 대형 현수막 주택 단지 공공장소 금연 금주 에티켓 매너 플랜카드 cctv 녹화중 기본 열재단,7362112817,84906613139,hana1644,1872088,0,전환,0,전환당,0,12,0,0,0,0.00,0.00,0.00
표지판 400X600mm 공원용 아파트 단지 놀이터 야간소음 자제 이용수칙 표지판 공원 놀이시설 금연 금주 cctv 녹화중 소음 방지 예방 안내판,7361254494,84905754816,hana1644,1872088,0,전환,0,전환당,0,4,0,0,0,0.00,0.00,0.00
표지판 300X400mm 공원용 놀이터 안전수칙 금연 금주 표지판 공원 아파트 단지내 야간소음 방지 금지 팻말 cctv 촬영중 녹화중 표찰,7361242210,84905742532,hana1644,1872088,0,전환,0,전환당,0,4,0,0,0,0.00,0.00,0.00
500x500mm 건축물 부설 주차장 공간 표지 안내판 관리사무소 책임자 안내 팻말 표찰 건물 상가,7338431006,84882931328,hana1644,1872088,0,전환,0,전환당,261,10,26135,1,261,10.00,0.00,0.00
스티커 360X360mm 차량용 후미 추돌 방지 반사 스티커 화물차 졸음운전 예방 표지 트럭 승용차 왕눈이 잠깨우는 눈알 튜닝 반사지,7331257840,84875758162,hana1644,1872088,0,전환,0,전환당,0,17,0,0,0,0.00,0.00,0.00
표지판 주의 표지 위험 경고 수영금지 표지판 매립식 팻말 공공장소 강 호수 입수 경고 위험 말뚝 안내판 주의 표시판 형태타입 안내판(파이프없음),7324850059,84869350381,hana1644,1872088,0,전환,0,전환당,0,6,0,0,0,0.00,0.00,0.00
표지판 주의 표지 수영장 안전수칙 다이빙 금지 경고 매립식 표지판 말뚝 팻말 해수욕장 물놀이 주의 표시판 형태타입 안내판(파이프없음),7324180881,84868681199,hana1644,1872088,0,전환,0,전환당,0,2,0,0,0,0.00,0.00,0.00
스티커 주의 표지 매장 안내 사고 예방 유리 조심 안내판 충돌 깨짐 주의 손 조심 표지판 출입문 표시 카페 매장 빌딩 경고 안전 투명 리무벌 스티커,7322922726,84867423048,hana1644,1872088,0,전환,0,전환당,0,1,0,0,0,0.00,0.00,0.00
표지판 주의 표지 어업행위 낚시 금지 제한 구역 표지판 매립식 팻말 파이프 안내판 안전 주의 푯말 형태타입 안내판(파이프없음),7317530636,84862030958,hana1644,1872088,0,전환,0,전환당,0,2,0,0,0,0.00,0.00,0.00
표지판 주의 표지 수영금지 매립식 표지판 호수 강 경고 주의 표시 안전 위험 팻말 안전수칙 안내문 사각 타입 안내판(파이프 미포함),7317351326,84861851648,hana1644,1872088,0,전환,0,전환당,0,2,0,0,0,0.00,0.00,0.00
표지판 주의 표지 다이빙금지 경고 매립식 표지판 수영장 물놀이 안전수칙 주의 표시 해수욕장 위험 팻말 사각 타입 안내판(파이프 미포함),7290597014,84835097336,hana1644,1872088,0,전환,0,전환당,0,1,0,0,0,0.00,0.00,0.00
표지판 500X50mm 주의 표지 롤러 끼임주의 표지판 손을 올리지마시오 안내판 사고 예방 금지 경고문 회사 공장 산업 안전 화이트시트,7270578386,84815078708,hana1644,1872088,0,전환,0,전환당,0,2,0,0,0,0.00,0.00,0.00
표지판 출입금지 안내 옥상 출입금지 표지판 화재 대피상황 외 진입 제한 경고문 피난구 주의 팻말 푯말 사고 예방 화이트시트 F01,7237445227,84781945549,hana1644,1872088,0,전환,0,전환당,0,3,0,0,0,0.00,0.00,0.00
병원 진료 어린이집 환경구성 게시판 꾸미기 3구 A3 종이 꽂이판 병원 교회 안내문 회사 사무실 학원 공지 보드 세로형,7236395073,84780895395,hana1644,1872088,0,전환,0,전환당,899,609,1475,1,899,0.16,0.00,0.00
어린이집 환경구성 아크릴 게시판 꾸미기 3구 A3 종이꽂이 아파트 교회 공지판 보드 학원 학교 안내문 가로형,7234856505,84779356827,hana1644,1872088,0,전환,0,전환당,0,330,0,0,0,0.00,0.00,0.00
종이꽂이 A3 아크릴 게시판 2구 어린이집 유치원 환경구성 사무실 교회 알림판 공지 보드 알림판 세로형 변형타입,7234855455,84779355777,hana1644,1872088,0,전환,0,전환당,0,125,0,0,0,0.00,0.00,0.00
A3 종이 꽂이 아크릴 어린이집 학원 게시판 2구 공지사항 보드 식당 메뉴판 학원 학교 안내문 아파트 엘리베이터 세로형,7234854399,84779354721,hana1644,1872088,0,전환,0,전환당,1623,40,40577,1,1623,2.50,0.00,0.00
A3 종이꽂이 아파트 게시판 2구 아크릴 보드 어린이집 학원 알림판 엘리베이터 아파트 안내문 학교 교실 안내문 가로형,7234853579,84779353901,hana1644,1872088,0,전환,0,전환당,0,30,0,0,0,0.00,0.00,0.00
어린이집 학교 교구 게시판 1구 아크릴 A3 종이 꽂이 알림판 아파트 엘리베이터 공지 보드 인포메이션 안내문 세로형,7234852993,84779353315,hana1644,1872088,0,전환,0,전환당,0,29,0,0,0,0.00,0.00,0.00
아크릴 A3 게시판 1구 학원 학급 알림판 엘리베이터 승강기 종이 꽂이판 어린이집 안내문 공지 보드 가로형,7234852606,84779352928,hana1644,1872088,0,전환,0,전환당,1305,43,30351,2,653,4.65,0.00,0.00
300x120mm 표지판 주의 표지 도로 포트홀 균열 주의 표지판 차량 바닥 조심 장거리 운전 자동차 안전 사고 블랙아이스 예방 안내판 표찰 경고문,7228971019,84773471341,hana1644,1872088,0,전환,0,전환당,0,1,0,0,0,0.00,0.00,0.00
표지판 개인과외교습자 신고 표지판 표찰 팻말 공부방 스터디 학교 문패 표지판 학원 교습소 교육청 명패 표시 포맥스 3T,7227755407,84772255729,hana1644,1872088,0,전환,0,전환당,0,3,0,0,0,0.00,0.00,0.00
표지판 주의 표지 병원 진료 병원 엑스레이 검사 주의사항 표지판 보건소 건강검진 진료 유도 안내문 X-ray 정형외과,7213844828,84758345150,hana1644,1872088,0,전환,0,전환당,0,5,0,0,0,0.00,0.00,0.00
표지판 AED 설치위치 안내판 돌출 심장충격기 자동제세동기 표지판 심폐소생술 위치 시설 안내 팻말 구급 비상 산업 안전,7195848026,84740348348,hana1644,1872088,0,전환,0,전환당,0,3,0,0,0,0.00,0.00,0.00
600X460mm 표지판 출입금지 안내 도어사인 폐문 문잠김 경고 안내판 사용금지 출입금지 사용불가 표지판 팻말 표찰 안전 산업 경고문,7189901020,84734401342,hana1644,1872088,0,전환,0,전환당,0,12,0,0,0,0.00,0.00,0.00
500X385mm 표지판 문잠김 안내 표지판 출입문 고정 폐문 팻말 표찰 출입구 표시 사무실 공장 아파트 경고 안전 산업 사용불가,7189890334,84734390656,hana1644,1872088,0,전환,0,전환당,0,1,0,0,0,0.00,0.00,0.00
300X230mm 표지판 폐문 표지판 문 사용불가 자동문 출입문 고정문 잠김 안내판 도어사인 표찰 팻말 현관 경고 안전 지시 안내문,7189872561,84734372883,hana1644,1872088,0,전환,0,전환당,0,1,0,0,0,0.00,0.00,0.00
표지판 무인 주차장 이용 표지판 주차 요금 안내 카드전용 유의사항 차량 서행 천천히 팻말 관리사무소 건물 상가,7189238029,84733738351,hana1644,1872088,0,전환,0,전환당,0,12,0,0,0,0.00,0.00,0.00
표지판 주의 표지 공중 화장실 이용수칙 표지판 소변기 사용 안내문 주의사항 세면대 예절 공공장소 안내판 카페 식당 팻말,7184062038,84728562360,hana1644,1872088,0,전환,0,전환당,0,4,0,0,0,0.00,0.00,0.00
300x120mm 표지판 주의 표지 바닥 조심 도로 건축물 구조물 콘크리트 균열주의 표지판 틈새 위험 경고 안내판 차량 사고 예방 표찰,7181798654,84726298976,hana1644,1872088,0,전환,0,전환당,0,1,0,0,0,0.00,0.00,0.00
300x120mm 표지판 주의 표지 틈새 끼임 주의 표지판 바닥 벽 공사장 균열 위험 경고문 표찰 사고 예방 산업 안전 팻말 표찰 안전,7175433326,84719933648,hana1644,1872088,0,전환,0,전환당,0,3,0,0,0,0.00,0.00,0.00
스티커 야광 방화문 문 손잡이 당기시오 화재 대비 비상구 피난 위치 유도 표지 소방 안전 관리 축광 스티커,7150328557,84694828879,hana1644,1872088,0,전환,0,전환당,0,3,0,0,0,0.00,0.00,0.00
200x200mm 표지판 주의 표지 병원 진료 소변금지 오줌금지 cctv촬영중 표지판 건물 주택 상가 병원 노상방뇨 경고 팻말 녹화중 주의 안내 경고문 공공시설,7148936855,84693437177,hana1644,1872088,0,전환,0,전환당,0,3,0,0,0,0.00,0.00,0.00
표지판 주의 표지 펜션 물놀이 주의사항 표지판 워터슬라이드 탑승 자세 안내판 수영장 풀장 안전수칙 안내 경고문 사고 예방,7144244760,84688745082,hana1644,1872088,0,전환,0,전환당,0,5,0,0,0,0.00,0.00,0.00
안전관리현황판 공사장 건설현장 시공 현황 안내판 안전교육 점검 보고 표시 인원관리 보드,7142862612,84687362934,hana1644,1872088,0,전환,0,전환당,0,27,0,0,0,0.00,0.00,0.00
200X130mm 표지판 주의 표지 미끄럼주의 미끄럼방지 표지판 팻말 확장 뛰지마시오 계단 바닥 조심 넘어짐 경고 안전 안내판 실사출력,7123389057,84667889379,hana1644,1872088,0,전환,0,전환당,0,1,0,0,0,0.00,0.00,0.00
표지판 병원 진료 병원 의료 건강검진 대상 순서 안내판 보건소 검사 접수 수납 유도 검진주기 표지판 팻말 푯말,7122779362,84667279684,hana1644,1872088,0,전환,0,전환당,0,5,0,0,0,0.00,0.00,0.00
300x400mm 표지판 캠핑 야영 금지 백패킹 안내판 차박 취사행위 텐트 경고문 표지판 계곡 해수욕장 노지 과태료 부과,7117913004,84662413326,hana1644,1872088,0,전환,0,전환당,0,5,0,0,0,0.00,0.00,0.00
270x120mm 표지판 EXIT 비상구 유도 표지판 소화기 소화전 표시판 돌출 안내판 피난구 비상계단 위치 표시판 통로 팻말,7113499221,84657999543,hana1644,1872088,0,전환,0,전환당,0,3,0,0,0,0.00,0.00,0.00
표지판 300X200mm 내진설계건축물 도로명 표지판 건축사 확인대상 스텐 현판 명판 건물 관리 구조기술사 건축허가,7089997458,84634497780,hana1644,1872088,0,전환,0,전환당,595,19,31301,1,595,5.26,0.00,0.00
표지판150X60mm 주의 표지 도로 장애물주의 위험 표지판 넘어짐 경고 팻말 푯말 산업안전 바닥 부딪힘 조심 안내판 사고 예방 표시판 직사각형,7058060215,84602560537,hana1644,1872088,0,전환,0,전환당,0,1,0,0,0,0.00,0.00,0.00
표지판 1200X300mm 출입금지 안내 승용차 전용 주차구역 탑차 출입금지 높이제한 안내 진입금지 표지판 주의 도로 교통 안전 규제 표시 제한 전용구역,7054331702,84598832024,hana1644,1872088,0,전환,0,전환당,0,4,0,0,0,0.00,0.00,0.00
표지판 600X200mm 차량 높이제한 표지판 자동차 탑차 출입 진입 금지 안내판 승용차 전용구역 팻말 주차장 푯말,7054324986,84598825308,hana1644,1872088,0,전환,0,전환당,0,1,0,0,0,0.00,0.00,0.00
표지판 150X60mm 주의 표지 매달리지마세요 표지판 난간 매달리지마시오 위험 경고 사고예방 넘어짐 주의 금지 안내판 팻말 안전 표지판 직사각형,7049361033,84593861355,hana1644,1872088,0,전환,0,전환당,0,6,0,0,0,0.00,0.00,0.00
표지판 150X60 주의 표지 개조심 건들지마세요 표지판 맹견 투견 주의 사나운개 물어요 조심하세요 안내판 접근금지 경고문 직사각형,7032881312,84577381634,hana1644,1872088,0,전환,0,전환당,0,9,0,0,0,0.00,0.00,0.00
표지판 고객전용 주차장 표지판 상가 이용 지정구역 외부차량 출입 주차 금지 안내판 경고 견인조치 안내 팻말,7028524776,84573025098,hana1644,1872088,0,전환,0,전환당,0,3,0,0,0,0.00,0.00,0.00
표지판 주의 표지 이중주차 금지 안내 표지판 주차장 차량 견인조치 경고불법 주정차 주의사항 팻말 관리사무소 푯말,6995144155,84539644477,hana1644,1872088,0,전환,0,전환당,0,2,0,0,0,0.00,0.00,0.00
표지판 화장실 위치 안내 표지판 상가 건물 내 유도 방향 이정표 오른쪽 왼쪽 표시판 공용 에티켓 팻말 푯말 알림 안내도,6989451670,84533951992,hana1644,1872088,0,전환,0,전환당,256,5,51278,1,256,20.00,0.00,0.00
표지판 주의 표지 병원 진료 화상 주의 위험 표지판 주방 급식소 병원 음식점 아르바이트 안전 방지 보호 안내판 뜨거움 경고 손 조심 접촉금지 팻말 안내문 화이트시트,6985564375,84530064697,hana1644,1872088,0,전환,0,전환당,0,33,0,0,0,0.00,0.00,0.00
자동 세차기 안내 현수막 세차장 안전거리 확보 플랜카드 차량 중립기어 브레이크 기본 열재단,6985434681,84529935003,hana1644,1872088,0,전환,0,전환당,0,3,0,0,0,0.00,0.00,0.00
표지판 방문객 표지판 아파트 단지내 출입문 현관 초인종 출입문 불법주차 용무시 벨 눌러주세요 문패 안내판 화이트시트 세로형,6984740748,84529241070,hana1644,1872088,0,전환,0,전환당,0,2,0,0,0,0.00,0.00,0.00
표지판 세차장 영업시간 안내 표지판 주유소 점심시간 잠시만 기다려주세요 알림판 차량 화이트시트,6973673558,84518173880,hana1644,1872088,0,전환,0,전환당,0,13,0,0,0,0.00,0.00,0.00
표지판 주유소 세차장 셀프 표지판 차량 자동차 물기제거 팻말 차량 서행 자동 세차기 SELF 안내판 화이트시트,6973352456,84517852778,hana1644,1872088,0,전환,0,전환당,0,1,0,0,0,0.00,0.00,0.00
표지판 주의 표지 주유소 요금 안내판 세차장 가격표 안내 표지판 자동차 차량 안내문 주의사항 팻말 화이트시트,6973073417,84517573739,hana1644,1872088,0,전환,0,전환당,0,8,0,0,0,0.00,0.00,0.00
표지판 주의 표지 주유소 세차장 경고 표지판 자동 세차 주의사항 표시판 차량 자동차 작동금지 안내판 화이트시트,6970066067,84514566389,hana1644,1872088,0,전환,0,전환당,0,1,0,0,0,0.00,0.00,0.00
주의 표지 세차장 물기제거중 안내판 주유소 경고 주의 안내문 기다려주세요 자동 세차기 팻말 화이트시트,6969845716,84514346038,hana1644,1872088,0,전환,0,전환당,0,8,0,0,0,0.00,0.00,0.00
표지판 화장실 레버 표지판 변기 길게 눌러주세요 안내판 물내림 팻말 공공장소 에티켓 매너,6969739285,84514239607,hana1644,1872088,0,전환,0,전환당,0,1,0,0,0,0.00,0.00,0.00
표지판 주의 표지 경고 화장실 이용 표지판 물티슈 사용금지 변기막힘 주의 경고 안내판,6969239081,84513739403,hana1644,1872088,0,전환,0,전환당,0,3,0,0,0,0.00,0.00,0.00
표지판 후면 확인 알림 표지판 화단 잔디 보호 팻말 주차장 전용구역 표시 안내판,6965861822,84510362144,hana1644,1872088,0,전환,0,전환당,0,5,0,0,0,0.00,0.00,0.00
대형 외부차량 주차금지 전기차 충전 전용 구역 대형 현수막 아파트 관리사무소 전기자동차 충전소 플랜카드 기본 열재단,6965666384,84510166706,hana1644,1872088,0,전환,0,전환당,528,3,175890,1,528,33.33,0.00,0.00
표지판 150X60mm 주의 표지 공원용 음용 불가 금지 안내판 경고 주의 마시지마세요 공원 약수터 표찰 위험 마시지마시오 표지판 경고문 팻말 푯말,6961283583,84505783905,hana1644,1872088,0,전환,0,전환당,0,1,0,0,0,0.00,0.00,0.00
120x165mm 표지판 키오스크 무인결제 표지판 식당 카페 테이블 셀프계산대 이용 안내판 독서실 마트 카운터 팻말 안내문 화이트시트,6944446879,84488947201,hana1644,1872088,0,전환,0,전환당,0,1,0,0,0,0.00,0.00,0.00
매장 출입구 비상구 유도 바닥 미끄럼방지 스티커 500x500mm,6933711703,84478212025,hana1644,1872088,0,전환,0,전환당,0,5,0,0,0,0.00,0.00,0.00
주의 표지 디테일링 세차 주의사항 Y 실내 실외 물통 거치대 배너 셀프 고압 헹굼 경고 안내 겨울 스노우폼 엔진룸 출력물단품,6929315255,84473815577,hana1644,1872088,0,전환,0,전환당,0,7,0,0,0,0.00,0.00,0.00
주의 표지 주유소 세차장 Y 배너 버블워시 세차 실내 실외 물통 거치대 차량 이용요금 주의사항 안내 출력물단품,6918322982,84462823304,hana1644,1872088,0,전환,0,전환당,0,5,0,0,0,0.00,0.00,0.00
주의 표지 세차기 위치 세차장 Y 배너 주의사항 안내 주유소 휘발유 경유 이용요금 주의사항 실내 실외 거치대 차량 방향유도 출력물단품,6914263709,84458764031,hana1644,1872088,0,전환,0,전환당,0,5,0,0,0,0.00,0.00,0.00
표지판 식당 음식 환경부담금 표지판 뷔페 카페 무한리필 경고 팻말 알림판,6910696290,84455196612,hana1644,1872088,0,전환,0,전환당,0,146,0,0,0,0.00,0.00,0.00
표지판 독서실 에티켓 핸드폰 휴대폰 무음 진동 표지판 공공장소 매너 팻말 조용히 해주세요 안내 절대정숙 포맥스 3T,6906194603,84450694925,hana1644,1872088,0,전환,0,전환당,0,1,0,0,0,0.00,0.00,0.00
표지판 원산지 표시판 식당 가게 메뉴 표지판 A3 화이트보드 안내판 음식점 주방 보드판 포맥스,6877933440,84422433762,hana1644,1872088,0,전환,0,전환당,0,1,0,0,0,0.00,0.00,0.00
표지판 도로명 주소 안내판 우리집 주소판 건물번호판 빌라 주택 아파트 신주소 표지판,6853977039,84398477361,hana1644,1872088,0,전환,0,전환당,0,1,0,0,0,0.00,0.00,0.00
표지판 옥내 소화전 사용법 표지판 소방 안전 소화전함 호스함 사용방법 화재 방지 유도 표지,6849032831,84393533153,hana1644,1872088,0,전환,0,전환당,0,15,0,0,0,0.00,0.00,0.00
표지판 출입금지 안내 공원용 화단보호 표지판 텃밭 팻말 잔디 전면주차 공원 정원 수목 출입금지 매립식 파이프 안내판 푯말 형태타입 안내판 파이프 없음,6807767391,84352267713,hana1644,1872088,0,전환,0,전환당,0,1,0,0,0,0.00,0.00,0.00
표지판 주의 표지 출입 통제 금지 표지판 자전거 오토바이 통행금지 팻말 매립식 경고 주의 푯말 안내판 형태타입 안내판(파이프없음),6807312962,84351813284,hana1644,1872088,0,전환,0,전환당,0,5,0,0,0,0.00,0.00,0.00
표지판 주의 표지 추락 방지 주의 안내판 옥상 접근금지 경고 주의 팻말 매립식 표지판 아파트 건물 올라가지마시오 위험 형태타입 안내판(파이프없음),6807246412,84351746734,hana1644,1872088,0,전환,0,전환당,0,7,0,0,0,0.00,0.00,0.00
표지판 주의 표지 차량 주차금지 표지판 경고 매립식 팻말 주차 위반 단속 구역 안내판 차량 경고장 주의 팻말 형태타입 안내판(파이프없음),6807195641,84351695963,hana1644,1872088,0,전환,0,전환당,0,7,0,0,0,0.00,0.00,0.00
표지판 매립 화단 잔디 보호 안내판 전면주차 표지판 아파트 주차장 팻말 형태타입 안내판(파이프없음),6804459406,84348959728,hana1644,1872088,0,전환,0,전환당,0,1,0,0,0,0.00,0.00,0.00
표지판 출입금지 안내 오토바이 지상 출입금지 매립식 표지판 아파트 보행자 안전 바이크 진입금지 안내판 형태타입 안내판,6804357259,84348857581,hana1644,1872088,0,전환,0,전환당,0,1,0,0,0,0.00,0.00,0.00
표지판 출입금지 안내 공원용 공원 반려견 출입금지 진입금지 매립식 표지판 반려동물 목줄착용 산책 에티켓 팻말 아파트 공원 형태타입 안내판(파이프없음),6804051271,84348551593,hana1644,1872088,0,전환,0,전환당,0,3,0,0,0,0.00,0.00,0.00
표지판 주의 표지 미끄럼주의 바닥 계단 조심 매립 표지판 빙판길 천천히 팻말 넘어짐주의 안내판 형태타입 안내판(파이프없음),6803900309,84348400631,hana1644,1872088,0,전환,0,전환당,0,5,0,0,0,0.00,0.00,0.00
표지판 아파트 관리사무소 위치 표시판 경비실 매립식 표지판 팻말 상가 건물 관리실 형태타입 안내판(파이프없음),6799094363,84343594685,hana1644,1872088,0,전환,0,전환당,0,2,0,0,0,0.00,0.00,0.00
표지판 부동산 토지매매 매립식 표지판 상가 가게 위치 매도 표시 말뚝안내판 팻말 형태타입 안내판(파이프없음),6798968562,84343468884,hana1644,1872088,0,전환,0,전환당,0,731,0,0,0,0.00,0.00,0.00
표지판 주차 정차 금지 말뚝안내판 차량 단속 아파트 주차장 진입금지 표지판 매립 규제 경고 팻말 사각 타입 안내판(파이프 미포함),6794705958,84339206280,hana1644,1872088,0,전환,0,전환당,0,1,0,0,0,0.00,0.00,0.00
표지판 출입금지 안내 반려견 출입금지 말뚝 안내판 강아지 고양이 문패 진입금지 노펫존 표지판 매립 사각 타입 안내판(파이프 미포함),6793980188,84338480510,hana1644,1872088,0,전환,0,전환당,0,3,0,0,0,0.00,0.00,0.00
표지판 주의 표지 미끄럼주의 위험 표지판 매립식 팻말 바닥 조심 주의 파이프 푯말 경고 안내 문구 사각 타입 안내판(파이프 미포함),6791498327,84335998649,hana1644,1872088,0,전환,0,전환당,0,3,0,0,0,0.00,0.00,0.00
표지판 출입금지 안내 경작금지 표지판 개인사유지 무단경작 경고 팻말 외부인 출입금지 매립식 사각 타입 안내판(파이프 미포함),6791387428,84335887750,hana1644,1872088,0,전환,0,전환당,0,9,0,0,0,0.00,0.00,0.00
공원용 현수막 신발을 벗고 들어오세요 협조 안내 사무실 카페 공원 아파트 어린이집 놀이터 기본 열재단,6739791951,84284292273,hana1644,1872088,0,전환,0,전환당,55,4,13750,1,55,25.00,0.00,0.00
화장실 돌출 현판 아크릴 간판 가게 회사 카페 문패 사무실 팻말 카페 세탁소 부서 명판 아크릴 타입 화이트,6735802362,84280302684,hana1644,1872088,0,전환,0,전환당,0,15,0,0,0,0.00,0.00,0.00
표지판 셀프코너 안내판 식당 물 반찬 이용 알림 표지판 음식 남기지마세요 self 위치유도 표시판 포맥스 3T 사각타입 01,6725318000,84269818322,hana1644,1872088,0,전환,0,전환당,0,3,0,0,0,0.00,0.00,0.00
동호회 현수막 등산회 산악회 모임 플랜카드 현수막 회사 워크샵 야유회 여행 조기축구 캠핑 동아리 기본 열재단,6708121674,84252621996,hana1644,1872088,0,전환,0,전환당,0,12,0,0,0,0.00,0.00,0.00
스티커 장기 방치 자전거 스티커 배분 폐기 처분 안내 표시 현수막 아파트 경비실 관리 경고문 플랜카드 기본 열재단,6667617406,84212117728,hana1644,1872088,0,전환,0,전환당,0,3,0,0,0,0.00,0.00,0.00
표지판 주의 표지 층간 생활 소음 자제 방지 표지판 아파트 매너 조용히 해주세요 주의 경고문 대화 휴대폰 라디오 소음 낮춰주세요 안내판,6667420206,84211920528,hana1644,1872088,0,전환,0,전환당,0,6,0,0,0,0.00,0.00,0.00
표지판 300X200mm 방문차량 인터폰 눌러주세요 표지판 아파트 관리사무소 주차증 우회 안내판 출입전 호출벨 사용 표시,6663470035,84207970357,hana1644,1872088,0,전환,0,전환당,0,1,0,0,0,0.00,0.00,0.00
아파트 자전거 주차 스티커 빌딩 오피스텔 건물 실명제 주차증 화이트강접시트_가로 2000매,6611217175,84155717497,hana1644,1872088,0,전환,0,전환당,0,7,0,0,0,0.00,0.00,0.00
자전거 스티커 주차증 아파트 관리사무소 실명제 도난 방지 빌딩 유포지_가로 2000매,6611207977,84155708299,hana1644,1872088,0,전환,0,전환당,0,4,0,0,0,0.00,0.00,0.00
건물 아파트 주차증 자전거 실명제 스티커 아파트 건물 관리 도난 방지 관리사무소 화이트강접시트_확장 2000매,6611194762,84155695172,hana1644,1872088,0,전환,0,전환당,0,30,0,0,0,0.00,0.00,0.00
관리사무소 아파트 자전거 스티커 주차장 실명제 오피스텔 빌딩 건물 관리 도난 방지 유포지_확장 2000매,6611170010,84155670332,hana1644,1872088,0,전환,0,전환당,0,3,0,0,0,0.00,0.00,0.00
이륜차 주차 실명제 도난 방지 아파트 자전거 스티커 주차증 관리사무소 화이트강접시트_형태 2000매,6611119396,84155619718,hana1644,1872088,0,전환,0,전환당,710,85,8355,1,710,1.18,0.00,0.00
자전거 실명제 스티커 아파트 관리사무소 관리 오토바이 바이크 주차증 건물 빌딩 유포지_형태 2000매,6611112274,84155612596,hana1644,1872088,0,전환,0,전환당,1463,8,182923,1,1463,12.50,0.00,0.00
건물 관리 아파트 자전거 실명제 스티커 오피스텔 주차장 관리사무소 화이트강접시트_원형 2000매,6611100157,84155600479,hana1644,1872088,0,전환,0,전환당,0,11,0,0,0,0.00,0.00,0.00
표지판 소화기 위치 표지판 L자형 화살표 돌출 안내판 소방 안전유도 배치 표시판,6592875870,84137376192,hana1644,1872088,0,전환,0,전환당,0,5,0,0,0,0.00,0.00,0.00
소형 A형 입간판 강습 안내 A형 간판 자유 수영 교실 어린이 유도 표시 입간판 소형 노랑 무지,6581342304,84125842626,hana1644,1872088,0,전환,0,전환당,0,4,0,0,0,0.00,0.00,0.00
소형 A형 입간판 엘리베이터 점검중 탑승 금지 A형 간판 승강기 수리중 계단 이용 안내 표지판 아파트 건물 소형 노랑 무지,6576249521,84120749854,hana1644,1872088,0,전환,0,전환당,0,8,0,0,0,0.00,0.00,0.00
소형 A형 입간판 주유소 세차 종료 A형 입간판 세차장 안내 접이식 간판 PE 영업시간 안내 알림판 소형 노랑 무지,6575687970,84120188303,hana1644,1872088,0,전환,0,전환당,0,3,0,0,0,0.00,0.00,0.00
소형 A형 입간판 승강기 수리중 점검중 A형 표지판 엘리베이터 AS요청 탑승 금지 경고 입간판 계단 이용 소형 노랑 무지,6575520149,84120020482,hana1644,1872088,0,전환,0,전환당,0,2,0,0,0,0.00,0.00,0.00
소형 A형 입간판 수리중 A형 입간판 고장 영업 중단 간판 진입 출입 금지 표지판 소형 노랑 무지,6572209062,84116709395,hana1644,1872088,0,전환,0,전환당,0,1,0,0,0,0.00,0.00,0.00
소형 A형 입간판 영업중 간판 가게 음식점 오픈 안내 A형 입간판 카페 식당 영업시간 소형 노랑 무지,6572075584,84116575917,hana1644,1872088,0,전환,0,전환당,0,4,0,0,0,0.00,0.00,0.00
소형 A형 입간판 세차장 주유소 세차중 표지판 A형 간판 접이식 입간판 진입 금지 불가 경고 소형 노랑 무지,6572028008,84116528341,hana1644,1872088,0,전환,0,전환당,0,4,0,0,0,0.00,0.00,0.00
소형 A형 입간판 병원 진료 약국 위치 유도 A형 입간판 PE 표지판 건물 상가 가게 병원 입구 안내 소형 노랑 무지,6567673927,84112174260,hana1644,1872088,0,전환,0,전환당,0,3,0,0,0,0.00,0.00,0.00
소형 A형 입간판 매장 안내 금일휴업 표지판 식당 업소 정기 휴무 A형 입간판 매장 영업시간 안내판 카페 소형 노랑 무지,6563054818,84107555151,hana1644,1872088,0,전환,0,전환당,0,1,0,0,0,0.00,0.00,0.00
소형 A형 입간판 금일휴업 카페 A형 입간판 가게 정기 휴일 휴무 표지판 식당 간판 PE 소형 노랑 무지,6562997347,84107497680,hana1644,1872088,0,전환,0,전환당,0,2,0,0,0,0.00,0.00,0.00
소형 A형 입간판 촬영중 안내 A형 입간판 출입 진입 금지 드라마 영화 제작 협조 안내문 소형 노랑 무지,6562782756,84107283089,hana1644,1872088,0,전환,0,전환당,0,1,0,0,0,0.00,0.00,0.00
소형 A형 입간판 신발 벗고 들어오세요 A형 간판 카페 식당 현관 표지판 신발장 사무실 정리 소형 노랑 무지,6550704514,84095204847,hana1644,1872088,0,전환,0,전환당,0,1,0,0,0,0.00,0.00,0.00
소형 A형 입간판 출입금지 안내 접근금지 A형 표지판 cctv 촬영중 녹화중 가족외 개인 주택 출입금지 소형 노랑 무지,6532906278,84077406611,hana1644,1872088,0,전환,0,전환당,0,3,0,0,0,0.00,0.00,0.00
소형 A형 입간판 실내 절대 정숙 표지판 A형 도서관 독서실 쉿 조용히 해주세요 입간판 공공장소 매너 소형 노랑 무지,6521005441,84065505774,hana1644,1872088,0,전환,0,전환당,0,1,0,0,0,0.00,0.00,0.00
소형 A형 입간판 고객 전용 주차구역 표지판 A형 주차장 전용 지정 차량 안내 PE 접이식 간판 소형 노랑 무지,6520853352,84065353684,hana1644,1872088,0,전환,0,전환당,0,1,0,0,0,0.00,0.00,0.00
소형 A형 입간판 수영장 안전수칙 표지판 펜션 풀장 물놀이 이용 안내 A형 접이식 간판 소형 노랑 무지,6516404767,84060905100,hana1644,1872088,0,전환,0,전환당,0,2,0,0,0,0.00,0.00,0.00
소형 A형 입간판 불법 촬영금지 표지판 장비 탐지중 A형 입간판 몰카 금지 경고 범죄 예방 소형 노랑 무지,6511024064,84055524397,hana1644,1872088,0,전환,0,전환당,0,1,0,0,0,0.00,0.00,0.00
소형 A형 입간판 도서관 실내 정숙 간판 사무실 독서실 경고 PE 접이식 표지판 사무실 A형 경고문 소형 노랑 무지,6507163236,84051663569,hana1644,1872088,0,전환,0,전환당,0,1,0,0,0,0.00,0.00,0.00
소형 A형 입간판 공사중 A형 입간판 도로 안내 도로 교통 안전 천천히 접이식 PE 표지판 소형 노랑 무지,6502570396,84047070729,hana1644,1872088,0,전환,0,전환당,0,1,0,0,0,0.00,0.00,0.00
소형 A형 입간판 매장 안내 음료 음식물 반입금지 A형 표지판 매장 카페 외부음식 반입불가 경고 PE 입간판 소형 노랑 무지,6485094373,84029594706,hana1644,1872088,0,전환,0,전환당,0,1,0,0,0,0.00,0.00,0.00
소형 A형 입간판 주의 표지 매장 안내 매장 계단 화장실 미끄럼주의 복도 뛰지마세요 A형 입간판 주의 안내판 뛰지마시오 표지판 경고문 소형 노랑 무지,6484651022,84029151355,hana1644,1872088,0,전환,0,전환당,0,2,0,0,0,0.00,0.00,0.00
소형 A형 입간판 매장 안내 음식점 식당 입구 A형 입간판 매장 레스토랑 메뉴판 진열대 영업시간 영업중 표지판 소형 노랑 무지,6479381118,84023881451,hana1644,1872088,0,전환,0,전환당,0,2,0,0,0,0.00,0.00,0.00
소형 A형 입간판 PE 입간판 공사중 진입금지 A형 표지판 교통 안전 공사 안내 접근금지 작업중 경고 유도 소형 노랑 무지,6479275904,84023776237,hana1644,1872088,0,전환,0,전환당,0,1,0,0,0,0.00,0.00,0.00
스티커 장애인 휠체어 보관 시설 장소 유도 위치 표시판 아기 유모차 보관소 안내 표지판 미끄럼방지스티커,6424582106,83969082439,hana1644,1872088,0,전환,0,전환당,0,1,0,0,0,0.00,0.00,0.00
스티커 횡단보도 자전거 내리기 표지 교통 안전 도로 충돌 사고 위험 방지 스티커 금속특수시트,6423755195,83968255528,hana1644,1872088,0,전환,0,전환당,0,19,0,0,0,0.00,0.00,0.00
스티커 전화 알림 안전화 착용구역 스티커 산업 시설 안전 지시 작업화 의무 경고 표지 공사장 현장 상시 장비 안내 표시 문구 미끄럼방지스티커,6423403538,83967903871,hana1644,1872088,0,전환,0,전환당,0,1,0,0,0,0.00,0.00,0.00
200x200mm 표지판 매장 안내 바이러스 예방 마스크 착용 안내 표지판 개인위생 의무 안내 매장 안내판 포맥스,6388007234,83932507567,hana1644,1872088,0,전환,0,전환당,0,3,0,0,0,0.00,0.00,0.00
스티커 주의 표지 지정폐기물 안내판 보관표지 취급시 주의사항 운반장소 표시 건설 의료 배출 표지판 화이트보드 스티커 시안01,6371595233,83916095566,hana1644,1872088,0,전환,0,전환당,0,14,0,0,0,0.00,0.00,0.00
스티커 의료 폐기물 보관표지 안내 표지판 사업장 업소명 수량 표시판 스티커 폐기물 감염성 알림판 포맥스 3T+화이트보드지 배출자용,6371555820,83916056153,hana1644,1872088,0,전환,0,전환당,0,5,0,0,0,0.00,0.00,0.00
표지판 주의 표지 화재 예방 소화기 위치표시 안내판 소방 안전물품 표지판 재난 초기 진압 알림 빠른 대비 대처주의 반사지 포맥스,6283958992,83828461481,hana1644,1872088,0,전환,0,전환당,0,5,0,0,0,0.00,0.00,0.00
미끄럼 넘어짐주의 계단 난간 손잡이 스티커 300x100mm,6256787561,83801290050,hana1644,1872088,0,전환,0,전환당,0,1,0,0,0,0.00,0.00,0.00
스티커 방화셔터 내려오는곳 바닥 피난 유도선 소방시설 물건 적치금지 적재금지 미끄럼방지 안내선 미끄럼방지스티커,6198962336,83743461913,hana1644,1872088,0,전환,0,전환당,0,72,0,0,0,0.00,0.00,0.00
스티커 주의 표지 안전주의 보행중 스마트폰 사용금지 충돌주의 안내 보행자 잠시 멈춤 전방주시 경고 바닥 스티커 핸드폰 위험 포맥스 3T,6156758549,83701258037,hana1644,1872088,0,전환,0,전환당,0,1,0,0,0,0.00,0.00,0.00
소형 A형 입간판 외부차량 주차금지 정차금지 지정주차구역 경고문 A형 접이식 안내판 소형 노랑 무지,6111259226,83655758714,hana1644,1872088,0,전환,0,전환당,0,1,0,0,0,0.00,0.00,0.00
미세요 폐문 입구 표지판 출입문 01 블랙로즈타입 미시오,6103059003,83647558491,hana1644,1872088,0,전환,0,전환당,0,1,0,0,0,0.00,0.00,0.00
어린이보호구역 불법 촬영 제한 표시 안내 문구 스쿨존 속도 규정 돌출 속도위반 학교 주정차금지 패트 축광 스쿨존 타입,6099782766,83644282254,hana1644,1872088,0,전환,0,전환당,0,7,0,0,0,0.00,0.00,0.00
스티커 소방안전 관리자 현황표 시설 방화 관리 표지판 현황판 01 스티커타입 A3사이즈,6092318759,83636818247,hana1644,1872088,0,전환,0,전환당,0,2,0,0,0,0.00,0.00,0.00
스티커 소방관진입창 스티커 세트 소방대 진입 반사지 단면 타격지점 스티커,6090544075,83635043563,hana1644,1872088,0,전환,0,전환당,0,4,0,0,0,0.00,0.00,0.00
표지판 비상 대피로 집결장소 표지판 야광 피난구 위치로 유도 표시 축광 소방 안전 안내판 화재 지진 재난 대비 포맥스,6077550734,83622050222,hana1644,1872088,0,전환,0,전환당,0,8,0,0,0,0.00,0.00,0.00
자석 공지 게시판 4구 어린이집 인포메이션 학급 알림판 엘리베이터 식당 음식점 벽메뉴판,6022715471,83567214959,hana1644,1872088,0,전환,0,전환당,0,60,0,0,0,0.00,0.00,0.00
자석 보드 게시판 3구 메모 어린이집 학교 학원 유치원 아파트 인포메이션 안내판,6022713071,83567212559,hana1644,1872088,0,전환,0,전환당,2836,123,23056,1,2836,0.81,0.00,0.00
자석 게시판 메모보드 2구 광고 회사 공지사항 안내 메모 액자 벽메뉴판,6022709846,83567209334,hana1644,1872088,0,전환,0,전환당,0,9,0,0,0,0.00,0.00,0.00
자석 다보 게시판 1구 학교 알림판 학원 사무실 공지사항,6022707094,83567206582,hana1644,1872088,0,전환,0,전환당,0,1,0,0,0,0.00,0.00,0.00
스티커 주의 표지 아파트 승강기 안전 이용 스티커 주의사항 타인 배려 표시 건물내 엘리베이터 주의사항 안내 표지,6001219749,83545719237,hana1644,1872088,0,전환,0,전환당,0,3,0,0,0,0.00,0.00,0.00
주의 표지 아파트 공동주택 생활 층간소음 자제 고성방가 큰소리 주의 알림 배너 택배차량 공회전금지 이웃 배려 협조안내 출력물단품 01,6000599707,83545099195,hana1644,1872088,0,전환,0,전환당,0,11,0,0,0,0.00,0.00,0.00
표지판 주의 표지 아파트 운전자 주의사항 안전속도 제한속도 안전거리 안내표지판 10km 포맥스 반사지 01,5959540482,83504039970,hana1644,1872088,0,전환,0,전환당,0,8,0,0,0,0.00,0.00,0.00
표지판 주의 표지 안내판 운전자 주의사항 표지판 아파트 단지 관리사무소 주차장 차량 서행 10km 포맥스 UV인쇄 01,5959521801,83504021289,hana1644,1872088,0,전환,0,전환당,0,13,0,0,0,0.00,0.00,0.00
스티커 주의 표지 운전자 주의사항 표지판 스티커 아파트 단지 주차장 차량 서행 안내 표지 10km 일반스티커 01,5959385768,83503885256,hana1644,1872088,0,전환,0,전환당,0,5,0,0,0,0.00,0.00,0.00
표지판 이륜차 오토바이 전용 주차구역 안내 표시판 자동차 차량 배려 협조알림 아파트 관리사무소 바이크 표지판,5944523450,83489022938,hana1644,1872088,0,전환,0,전환당,0,5,0,0,0,0.00,0.00,0.00
표지판 관리사무소 아파트 배송 물건 물품 보관대 사용 알림판 무인 택배함 표시 안내판 CCTV 녹화중 분실방지 표지판,5937733500,83482232988,hana1644,1872088,0,전환,0,전환당,0,1,0,0,0,0.00,0.00,0.00
표지판 주의 표지 주차장 차량 공회전 금지 제한 방지구역 유의사항 안내 표지판 자동차 매연주의 나무 잔디 환경보호 알림 표시판 과태료 부과,5929670355,83474169774,hana1644,1872088,0,전환,0,전환당,0,11,0,0,0,0.00,0.00,0.00
단차주의 계단주의 표지판 바닥 미끄럼방지스티커 200x200,5915269833,83459769321,hana1644,1872088,0,전환,0,전환당,0,295,0,0,0,0.00,0.00,0.00
표지판 1200X400mm 주의 표지 안전 교통 통제 자동차 주차장 차량 진입 안내 표지판 안전주의,5892582071,83437081485,hana1644,1872088,0,전환,0,전환당,0,36,0,0,0,0.00,0.00,0.00
표지판 불법 투기 폐기물 무단투기 쓰레기 버리지마세요 금지 경고문 벌금 안내표지판,5860799079,83405298493,hana1644,1872088,0,전환,0,전환당,0,3,0,0,0,0.00,0.00,0.00
스티커 물건 자전거 적치금지 스티커 복도 화재 비상 과태료 부과 소파라치 신고포상금 피해 관리사무소 경비실 소방법 안전대비 500매,5860403534,83404902948,hana1644,1872088,0,전환,0,전환당,0,33,0,0,0,0.00,0.00,0.00
학교 행정실 교육시설 환경 위생 정화구역 안내 표시판 보건법위반 벌금부과 알림판 쓰레기 무단투기 금지,5854550989,83399050403,hana1644,1872088,0,전환,0,전환당,0,3,0,0,0,0.00,0.00,0.00
대형 스티커 대형 폐기물 쓰레기 무단투기 스티커 경고장 표지 강력접착 물품처리 경비실 신고안내 비용지불 안내사항 준수 알림 미 이행시 cctv 사진공개 500장,5852350912,83396850326,hana1644,1872088,0,전환,0,전환당,0,91,0,0,0,0.00,0.00,0.00
표지판 소음공해 주차장 경적금지 표찰 안내판 큰소리 금지 클락션 사용금지 표지판,5849219205,83393718619,hana1644,1872088,0,전환,0,전환당,0,3,0,0,0,0.00,0.00,0.00
대형 스티커 관리사무소 위탁 업체신고 안내 물품명 접수인 정보기재 알림 대형 폐기물 쓰레기 분류 처리 배출 안전 일반 스티커 표지 500장,5843299976,83387799390,hana1644,1872088,0,전환,0,전환당,0,49,0,0,0,0.00,0.00,0.00
교통안전 어린이보호 주정차금지표지 스쿨존 과태료 단속 현수막 기본 열재단,5833477064,83377976478,hana1644,1872088,0,전환,0,전환당,0,1,0,0,0,0.00,0.00,0.00
불법주차 단속안내 주차장 관리 외부차량 주차금지 현수막 01 기본 열재단,5828320534,83372819948,hana1644,1872088,0,전환,0,전환당,165,13,12692,1,165,7.69,0.00,0.00
아파트 회사 빌딩 화단보호 전면주차 주차장 차량 현수막 01 기본 열재단,5825635421,83370134835,hana1644,1872088,0,전환,0,전환당,0,7,0,0,0,0.00,0.00,0.00
표지판 캠핑장 이용수칙 표시판 애완동물 입장금지 표지판 전용 주차구역 안내 알림판 라운드 단면,5819549605,83364049019,hana1644,1872088,0,전환,0,전환당,0,6,0,0,0,0.00,0.00,0.00
표지판 안전속도 스쿨존 어린이 보호구역 안내판 도로교통 사고 위험방지 예방 차량속도 규제 학교 유치원 서행 알림 표지판,5817522825,83362022239,hana1644,1872088,0,전환,0,전환당,0,293,0,0,0,0.00,0.00,0.00
대형 독립운동 광복절 국경일 기념 축하 대형 현수막 실사출력 개천절 삼일절 보훈의달 이벤트 플랜카드 기본 열재단,5814931463,83359430877,hana1644,1872088,0,전환,0,전환당,0,4,0,0,0,0.00,0.00,0.00
아파트 주차장 운전 서행 차량 사고예방 현수막 실사출력 기본 열재단,5809279161,83353778575,hana1644,1872088,0,전환,0,전환당,0,1,0,0,0,0.00,0.00,0.00
표지판 어린이집 유치원 학교 놀이터 안내판 단품 사각 어린이 놀이 시설물 안전수칙 이용 표지판 단면인쇄,5771254160,83315753574,hana1644,1872088,0,전환,0,전환당,0,34,0,0,0,0.00,0.00,0.00
표지판 공원용 놀이터 시설물 이용안내 표지판 단품 라운드 공원 학교 놀이시설 사용 안내 표시판 단면인쇄 샘플디자인,5771248255,83315747669,hana1644,1872088,0,전환,0,전환당,1707,26,65641,2,853,7.69,0.00,0.00
A4 아크릴 게시판 10구 종이꽂이 보드 아파트 사무실 상가 회사,5747169093,83291668340,hana1644,1872088,0,전환,0,전환당,0,15,0,0,0,0.00,0.00,0.00
사무실 A4 게시판 8구 아크릴 엘리베이터 알림판 아파트 안내문,5747168599,83291667846,hana1644,1872088,0,전환,0,전환당,0,22,0,0,0,0.00,0.00,0.00
병원 진료 투명 아크릴 게시판 6구 병원 알림판 A4 종이꽂이 공지 상가 인포메이션,5747168054,83291667301,hana1644,1872088,0,전환,0,전환당,5624,428,13140,3,1875,0.70,0.00,0.00
아크릴 A4 게시판 아파트 4구 회사 엘리베이터 알림판 인포메이션,5747151556,83291650803,hana1644,1872088,0,전환,0,전환당,246,85,2896,1,246,1.18,0.00,0.00
A4 투명 아크릴 게시판 3구 아파트 알림판 엘리베이터 안내문,5747129901,83291629148,hana1644,1872088,0,전환,0,전환당,3238,166,19506,3,1079,1.81,0.00,0.00
회사 사무실 아크릴 게시판 2구 어린이집 환경판 유치원 알림판 학교,5746878545,83291377792,hana1644,1872088,0,전환,0,전환당,0,65,0,0,0,0.00,0.00,0.00
투명 아크릴 종이꽂이 엘리베이터 게시판 1구 아파트 알림판 사무실 공지사항,5746820603,83291319850,hana1644,1872088,0,전환,0,전환당,0,1,0,0,0,0.00,0.00,0.00
스티커 200X300mm (세로형) 주의 표지 MSDS 산업 안전 전기위험표지 고전압 특고압 경고 주의 표시 감전위험 사고 방지 안내 스티커,5717665952,83262164447,hana1644,1872088,0,전환,0,전환당,0,70,0,0,0,0.00,0.00,0.00
210x300mm 스티커 출입금지 안내 산업 안전 보건법 질식위험공간 밀폐공간 관계자외 출입금지 안내표지판 MSDS 스티커,5716005726,83260504120,hana1644,1872088,0,전환,0,전환당,0,96,0,0,0,0.00,0.00,0.00
스티커 400X600mm 주의 표지 안전보건표지 MSDS 산업안전보건법 위험물질 중량물 취급주의 경고 지시 금지 안내표지판 스티커,5715931587,83260429981,hana1644,1872088,0,전환,0,전환당,0,18,0,0,0,0.00,0.00,0.00
600x400mm 표지판 산업안전수칙 유해화학물질 표지 취급시설 안내판 취급사업장 유해물질사업장 자석 표지판 MSDS,5715892496,83260390890,hana1644,1872088,0,전환,0,전환당,0,26,0,0,0,0.00,0.00,0.00
스티커 400X600mm 주의 표지 MSDS 유해물질 취급 안전수칙 컨베이어 지게차 위험물저장소 유해화학물질 안내 주의 경고 표지 스티커,5715890556,83260388950,hana1644,1872088,0,전환,0,전환당,0,3,0,0,0,0.00,0.00,0.00
스티커 MSDS 위험물 저장소 취급 화기엄금 위험물관계표지 탱크저장소 산업 안전 시설 표지판 스티커 01,5715888976,83260387370,hana1644,1872088,0,전환,0,전환당,0,1,0,0,0,0.00,0.00,0.00
스티커 200X300mm 산업 안전표지 MSDS 유해화학물질 예방수칙 실험실 표시 안내 화학약품 폐기물 경고 알림 스티커 01,5715881499,83260379893,hana1644,1872088,0,전환,0,전환당,0,2,0,0,0,0.00,0.00,0.00
5000x900mm MSDS 표지 공정안전관리 현수막 PSM 경고 안내 물질안전보건자료 유해물질 위험 가로,5704980284,83249478419,hana1644,1872088,0,전환,0,전환당,0,7,0,0,0,0.00,0.00,0.00
주의 표지 유해물질 주의 안내판 PSM 공정안전관리 MSDS 표지 경고 표시판 물질안전보건자료 위험 Y배너 + 하단물통포함,5703388436,83247886533,hana1644,1872088,0,전환,0,전환당,0,34,0,0,0,0.00,0.00,0.00
500x160mm 스티커 승강기 짝수 홀수층 전용 엘리베이터 스티커 방문객 외부인 내방인 안내 표시 직원 출입공간 알림 미끄럼방지시트,5703063441,83247561530,hana1644,1872088,0,전환,0,전환당,0,3,0,0,0,0.00,0.00,0.00
80x100mm 스티커 MSDS 표지 경고 물질안전보건자료 위험 유해물질 안내판 GHS 라벨 스티커,5685929755,83230427584,hana1644,1872088,0,전환,0,전환당,0,1,0,0,0,0.00,0.00,0.00
300x400mm 스티커 MSDS 경고 표지 물질안전보건자료 유해물질 안내판 수산화나트륨 스티커,5681129991,83225627616,hana1644,1872088,0,전환,0,전환당,0,1,0,0,0,0.00,0.00,0.00
소형 A형 입간판 출입금지 안내 오토바이 진입금지 A형 안내판 바이크 지상 출입금지 PE 입간판 소형 노랑 무지,5671050691,83215548163,hana1644,1872088,0,전환,0,전환당,0,1,0,0,0,0.00,0.00,0.00
표지판 출입금지 안내 오토바이 지상 출입금지 표지판 푯말 잔디보호 화단 팻말 사각 타입 안내판,5665611128,83210108551,hana1644,1872088,0,전환,0,전환당,922,135,6833,2,461,1.48,0.00,0.00
80x105mm 스티커 주의 표지 MSDS경고표지 산업 안전 표지판 주의 경고 금지 위험 보건 표지판 금지표시 스티커,5658922603,83203419938,hana1644,1872088,0,전환,0,전환당,0,3,0,0,0,0.00,0.00,0.00
A4 게시판 아파트 승강기 빌라 엘리베이터 크리스탈 10구 포켓형 01_광고면 없음,5627024493,83171521294,hana1644,1872088,0,전환,0,전환당,0,85,0,0,0,0.00,0.00,0.00
사무실 게시판 아파트 학교 기업 빌라 승강기 크리스탈 8구 포켓형 01_광고면 없음,5627018430,83171515231,hana1644,1872088,0,전환,0,전환당,0,17,0,0,0,0.00,0.00,0.00
엘리베이터 게시판 아파트 빌라 사무실 크리스탈 6구 포켓형 01_광고면 없음,5627010165,83171506966,hana1644,1872088,0,전환,0,전환당,0,22,0,0,0,0.00,0.00,0.00
승강기 게시판 아파트 관공서 기업 사무실 엘리베이터 크리스탈 4구 포켓형 01_광고면 없음,5627002960,83171499761,hana1644,1872088,0,전환,0,전환당,0,19,0,0,0,0.00,0.00,0.00
아파트 학교 관공서 기업 빌라 로비 사무실 게시판 크리스탈 3구 포켓형 01_광고면 없음,5626997429,83171494230,hana1644,1872088,0,전환,0,전환당,0,26,0,0,0,0.00,0.00,0.00
크리스탈 아파트 게시판 승강기 상가 사무실 로비 안내 2구 포켓형 01_광고면 없음,5626992860,83171489661,hana1644,1872088,0,전환,0,전환당,0,1,0,0,0,0.00,0.00,0.00
아파트 승강기 게시판 크리스탈 상가 알림판 사무실 인포메이션 1구 포켓형 01_광고면 없음,5626987742,83171484543,hana1644,1872088,0,전환,0,전환당,0,2,0,0,0,0.00,0.00,0.00
스승의날 현수막 이벤트 감사 선생님 은혜 행사 학교 학원 이벤트 플랜카드 일반나무,5538818034,83083313725,hana1644,1872088,0,전환,0,전환당,1435,205,7001,10,144,4.88,0.00,0.00
대형 어린이날 현수막 유치원 플랜카드 대형 행사 어린이집 초등학교 일반나무,5538773067,83083268758,hana1644,1872088,0,전환,0,전환당,973,322,3021,1,973,0.31,0.00,0.00
대형 어버이날 현수막 어린이집 유치원 가정의달 플랜카드 대형 일반나무,5538622827,83083118518,hana1644,1872088,0,전환,0,전환당,198,91,2174,2,99,2.20,0.00,0.00
주차금지 현수막 어린이보호 과태료 플랜카드 스쿨존 단속 주정차 위반 배너 일반나무,5536267818,83080763500,hana1644,1872088,0,전환,0,전환당,0,4,0,0,0,0.00,0.00,0.00
대형 어린이 안전속도 5030 도로 스쿨존 현수막 대형 운전 제한시속 하향조정 표시 과태료안내 플랜카드 일반나무,5536199271,83080694953,hana1644,1872088,0,전환,0,전환당,0,1,0,0,0,0.00,0.00,0.00
표지판 헬스장 피트니스 이용수칙 표지판 유아 아동 출입제한 알림판 운동복 착용 안내판 분실사고 위험 표시,5503145213,83047640464,hana1644,1872088,0,전환,0,전환당,0,6,0,0,0,0.00,0.00,0.00
표지판 지정 일반 폐기물 보관 표지판 MSDS 보관처리 안내판 사업장 화이트보드 시안01,5479382750,83023877509,hana1644,1872088,0,전환,0,전환당,0,8,0,0,0,0.00,0.00,0.00
대형 현수막 5000X900mm 성탄절 망년회 송년회 신년 현수막 크리스마스 플랜카드 대형 교회 연말 행사 배너 기독교 일반나무,5476030318,83020524977,hana1644,1872088,0,전환,0,전환당,0,4,0,0,0,0.00,0.00,0.00
표지판 어린이집 cctv 녹화중 설치 의무화 지침 안내 표지판 유치원 화재 범죄 안전예방 표시판 촬영중 알림,5474424426,83018919054,hana1644,1872088,0,전환,0,전환당,0,2,0,0,0,0.00,0.00,0.00
420x300mm 소형 경차 전용구역 알림판 일반차량 금지 배기량 표시 승용 상용 소형차 주차시 문콕 사고방지 안내 표시판 일반 자동차 양보표지,5466324316,83010818792,hana1644,1872088,0,전환,0,전환당,0,1,0,0,0,0.00,0.00,0.00
스티커 차량 주차스티커 빌라 골드 메탈 아파트 차량번호 큐방형 뉴 럭셔리 실버 원형(100매이상 주문가능),5463288964,83007783410,hana1644,1872088,0,전환,0,전환당,0,643,0,0,0,0.00,0.00,0.00
스티커 골드 실버 차량 스티커 주차증 아파트 빌라 메탈 주차스티커 패드형 뉴 럭셔리 실버 원형(100매이상 주문가능),5463273090,83007767536,hana1644,1872088,0,전환,0,전환당,0,59,0,0,0,0.00,0.00,0.00
스티커 차량 메탈 주차증 주차스티커 빌라 주차 고급 아파트 스티커 뉴 럭셔리 실버 원형 리무벌 (100매이상 주문가능),5463256352,83007750798,hana1644,1872088,0,전환,0,전환당,0,161,0,0,0,0.00,0.00,0.00
스티커 축광 아파트 주차증 빌라 스티커 차량 주차스티커 출입 주차카드 뉴 야광 원형 리무벌 (100매이상 주문가능),5463233076,83007727522,hana1644,1872088,0,전환,0,전환당,4456,52,85689,2,2228,3.85,0.00,0.00
스티커 빌라 차량 아파트 주차스티커 주차증 뉴 반사지 큐방형 원형(100매이상 주문가능),5463037083,83007531529,hana1644,1872088,0,전환,0,전환당,629,289,2176,1,629,0.35,0.00,0.00
스티커 고급 주차증 빌라 차량 아파트 주차스티커 뉴 반사지 패드형 원형(100매이상 주문가능),5463025229,83007519675,hana1644,1872088,0,전환,0,전환당,784,6288,125,1,784,0.02,0.00,0.00
스티커 빌라 아파트 홀로그램 주차 스티커 주차증 뉴 큐방형 민무늬 홀로그램 원형,5463013449,83007507895,hana1644,1872088,1,전환,1668,전환당,1668,65,25666,1,1668,1.54,100.00,15464.75
스티커 홀로그램 차량 주차스티커 아파트 고급 빌라 주차증 뉴 패드형 민무늬홀로 (100매이상 주문가능) 원형,5463009707,83007504153,hana1644,1872088,0,전환,0,전환당,0,17,0,0,0,0.00,0.00,0.00
스티커 빌라 아파트 주차스티커 주차증 고급 반사지 주차 차량 뉴 반사지 원형 리무벌 (100매이상 주문가능),5462974195,83007468641,hana1644,1872088,0,전환,0,전환당,0,4,0,0,0,0.00,0.00,0.00
대형 주의 표지 자녀위험 휴대폰 파손 사칭 주의 표시 보이스피싱 예방 안내 현수막 대형 금융사기 플랜카드 일반나무,5458703701,83003198091,hana1644,1872088,0,전환,0,전환당,263,24,10959,1,263,4.17,0.00,0.00
화재시 대피요령 비상구 위치 표시 피난안내도 아크릴 다보타입 소방 안전 대피로 소화전 길 유도 표지 365x260 B4,5458241635,83002736025,hana1644,1872088,0,전환,0,전환당,0,64,0,0,0,0.00,0.00,0.00
420x300mm 공공 상업시설 기업 위치 문패 현판 아크릴 다보 회사 안내 명판 사무실 디자인 간판 기업,5402181603,82946675231,hana1644,1872088,0,전환,0,전환당,0,35,0,0,0,0.00,0.00,0.00
300x200mm 아크릴 다보 현판 공공기관 상업시설 디자인 간판 회사 위치 안내 명판 사무실 기업 문패,5400275493,82944769089,hana1644,1872088,0,전환,0,전환당,0,15,0,0,0,0.00,0.00,0.00
스티커 아동 안전 지킴이집 스티커 미아 납치 실종방지 교육 유치원 보호시설 어린이 유아보호 어린이학대 예방 도움안내 표시,5389820461,82934313741,hana1644,1872088,0,전환,0,전환당,0,459,0,0,0,0.00,0.00,0.00
표지판 사고예방 완강기 돌출형 표지판 안전대비 출구알림 소방 위치표시 안내판 축광 야광 위급 비상상황 화재 재난 인명피해 방지,5382915509,82927408677,hana1644,1872088,0,전환,0,전환당,0,4,0,0,0,0.00,0.00,0.00
스티커 화재 재난 대비 안내 표시 비상대피로 집결지 위치 유도 표지 야광 축광 스티커 소방 안전 대피 사각 원형,5351028623,82895521563,hana1644,1872088,0,전환,0,전환당,0,55,0,0,0,0.00,0.00,0.00
출입금지 안내 오토바이 주차금지 오뚜기콘 주황 원형 소 외부차량 출입금지 입구간판 상단 양면 무지 선택안함,5332014067,82876506734,hana1644,1872088,0,전환,0,전환당,0,118,0,0,0,0.00,0.00,0.00
210x297mm 스티커 페트 분리배출 안내 스티커 재활용 종이 플라스틱 캔 병 유리 수거알림 화이트시트,5306310193,82850802640,hana1644,1872088,0,전환,0,전환당,0,1,0,0,0,0.00,0.00,0.00
아크릴 여닫이 알림판 표찰 안내판 사무실 재실,5302338608,82846831007,hana1644,1872088,0,전환,0,전환당,0,6,0,0,0,0.00,0.00,0.00
QR코드 안내문 코로나 X 배너 음식점 발열체크 거치대 체온측정 카페 마스크 착용 식당 출력물 단품 01,5300474096,82844966445,hana1644,1872088,0,전환,0,전환당,0,141,0,0,0,0.00,0.00,0.00
출입금지 안내 오토바이 통행금지 아파트 출입금지 현수막 실사출력 플랜카드 배너 현수막 일반나무,5291819610,82836311849,hana1644,1872088,0,전환,0,전환당,0,1,0,0,0,0.00,0.00,0.00
유치원 어린이집 셔틀버스 보호자 동승표지 자석스티커 400x150mm,5281905478,82826397472,hana1644,1872088,0,전환,0,전환당,0,4,0,0,0,0.00,0.00,0.00
200x140mm 스티커 소방 화재 안전 표시 비상구 계단 복도 물건 무단 적치 적재금지 스티커 피난 방재 방화시설 적치물 안내 아트지 100매,5264086981,82808609543,hana1644,1872088,0,전환,0,전환당,0,23,0,0,0,0.00,0.00,0.00
스티커 축광 안전 유도테이프 야광 스티커 녹색,5199552158,82744073715,hana1644,1872088,0,전환,0,전환당,0,10,0,0,0,0.00,0.00,0.00
스티커 안전 비상구 표시 출입구 녹색 화재예방 사고방지 축광 야광스티커 비상구녹색01,5199352568,82743874125,hana1644,1872088,0,전환,0,전환당,0,2,0,0,0,0.00,0.00,0.00
표지판 주의 표지 경사로 미끄럼 주의 경고 안내판 차량 안전 경사면 위험 조심 표지판 주 정차 고임목 설치 표시 알림판,5140557911,82685078675,hana1644,1872088,0,전환,0,전환당,0,2,0,0,0,0.00,0.00,0.00
홀로그램 주차스티커 아파트 빌라 차량 고급 주차증 스티커 01_원형컷팅 민무늬홀로 (100매이상 주문가능),5097817661,82642339689,hana1644,1872088,0,전환,0,전환당,0,6,0,0,0,0.00,0.00,0.00
홀로그램 아파트 주차스티커 빌라 차량 고급 주차증 스티커 01_원형컷팅 민무늬홀로 (300매이상 주문가능),5097809844,82642331872,hana1644,1872088,0,전환,0,전환당,1652,646,2558,2,826,0.31,0.00,0.00
아파트 주차스티커 고급 홀로그램 빌라 차량 주차증 스티커 01_원형컷팅 민무늬홀로 (500매이상 주문가능),5097799972,82642322000,hana1644,1872088,0,전환,0,전환당,0,60,0,0,0,0.00,0.00,0.00
표지판 주의 표지 자연재난 행동요령 안내판 산사태 취약지역 위험 주의사항 표지판 안전유의 표시 사각형 단면,5055159354,82599680575,hana1644,1872088,0,전환,0,전환당,0,15,0,0,0,0.00,0.00,0.00
스티커 아파트 주차스티커 럭셔리 300매 빌라 차량 스티커 01_원형컷팅 1,5044010445,82588531505,hana1644,1872088,0,전환,0,전환당,0,13,0,0,0,0.00,0.00,0.00
400x150mm 스티커 셔틀 통학 운행버스 승하차 표시 안내 스티커 어린이보호 차량 고휘도 반사지 부착 의무화 표지 앞면형,4948012405,82492532405,hana1644,1872088,0,전환,0,전환당,0,7,0,0,0,0.00,0.00,0.00
물놀이 안전수칙 워터파크 수영장 풀장 이용안내 안내판,4931294829,82475818806,hana1644,1872088,0,전환,0,전환당,507,5,101441,1,507,20.00,0.00,0.00
표지판 안전사고 방지 표시 아동 유아 보호자 동반 입장 가능 알림판 수영장 이용수칙 준수 안내 표지판,4916363594,82460887330,hana1644,1872088,0,전환,0,전환당,0,19,0,0,0,0.00,0.00,0.00
1000x150mm 표지판 주의 표지 방문차량 일단정지 알림판 경비실 관리사무소 세대 호출 표지판 서행주의 접촉사고 방지,4864915612,82409439067,hana1644,1872088,0,전환,0,전환당,0,8,0,0,0,0.00,0.00,0.00
60x60mm 스티커 주의 표지 도서관 책 훼손금지 기부도서 안내 스티커 관리 표시 주의사항 알림 1000매,4863943678,82408467133,hana1644,1872088,0,전환,0,전환당,0,37,0,0,0,0.00,0.00,0.00
병원 진료 처방전 신청 안내판 약국 조제순서 상가 병원 진료 확인서 접수 데스크 수납 순서 유의사항 의약품 안내판 와이어없음,4859951941,82404475250,hana1644,1872088,0,전환,0,전환당,0,3,0,0,0,0.00,0.00,0.00
250x100mm 촬영중 CCTV 녹화중 안내판 기본형 작동중 방범용 감시카메라 설치 안내문,4843637994,82388161148,hana1644,1872088,0,전환,0,전환당,0,1,0,0,0,0.00,0.00,0.00
표지판 어린이집 올바른 손씻기 화장실 표지판 세트 손씻기6단계 유치원 환경구성 안내판 포맥스 3T 강아지세트,4834128004,82378650956,hana1644,1872088,0,전환,0,전환당,0,5,0,0,0,0.00,0.00,0.00
표지판 부재중 안내 여닫이 아크릴 표찰 문패 부재중 사용중 표지판,4824411556,82368934408,hana1644,1872088,0,전환,0,전환당,0,2,0,0,0,0.00,0.00,0.00
스티커 승강기 이용 안내 표지 바닥용 스티커 승강기 안전 안내문 금속특수시트 시안 1번 블루,4819030120,82363552878,hana1644,1872088,0,전환,0,전환당,0,8,0,0,0,0.00,0.00,0.00
150x150mm 스티커 올바른 손씻기 순서 감염예방 안내문 표지판 스티커타입 화이트시트,4816431305,82360954063,hana1644,1872088,0,전환,0,전환당,0,7,0,0,0,0.00,0.00,0.00
스티커 화재 예방 안전 표시 소화기 위치표시 유도 표지판 소방 안전 소화전 사용방법 안내 알림문구 유포지스티커,4806305738,82350828403,hana1644,1872088,0,전환,0,전환당,0,2,0,0,0,0.00,0.00,0.00
표지판 말뚝 안내판 아연각 푯말 화단보호 전면주차 매립식 표지판 형태타입 안내판(파이프없음),4796369558,82340892161,hana1644,1872088,0,전환,0,전환당,0,3,0,0,0,0.00,0.00,0.00
스티커 주의 표지 방화문 유의 준수사항 표시 스티커 소방안전 피난시설 주의 표시 화재시 물건 적치금지 안내 알림 아트지,4793167550,82337690047,hana1644,1872088,0,전환,0,전환당,0,24,0,0,0,0.00,0.00,0.00
엘리베이터 게시판 디자인게시판 알루미늄 골드 10구 집게형 01_광고면 없음,4775238210,82319760431,hana1644,1872088,0,전환,0,전환당,0,11,0,0,0,0.00,0.00,0.00
디자인 게시판 엘리베이터게시판 골드 8구 집게형 01_광고면 없음,4775231258,82319753479,hana1644,1872088,0,전환,0,전환당,0,26,0,0,0,0.00,0.00,0.00
디자인 아파트 게시판 알루미늄 골드 4구 알림판 엘리베이터 A4 공지판 집게형 01_광고면 없음,4775228618,82319750839,hana1644,1872088,0,전환,0,전환당,0,5,0,0,0,0.00,0.00,0.00
디자인 알루미늄 아파트 게시판 골드 3구 공지 보드 승강기 알림판 A4 종이꽂이 안내문 집게형 01_광고면 없음,4775224668,82319746889,hana1644,1872088,0,전환,0,전환당,0,8,0,0,0,0.00,0.00,0.00
디자인게시판 알루미늄몰딩 아파트 게시판 골드 2구 집게형 01_광고면 없음,4775132273,82319654494,hana1644,1872088,0,전환,0,전환당,0,6,0,0,0,0.00,0.00,0.00
아파트 주차스티커 럭셔리 3000매 스티커 주문제작 01_원형컷팅,4740680229,82285201775,hana1644,1872088,0,전환,0,전환당,1266,863,1467,1,1266,0.12,0.00,0.00
아파트 주차스티커 럭셔리 2000매 스티커 주문제작 01_원형컷팅,4740678678,82285200224,hana1644,1872088,0,전환,0,전환당,0,82,0,0,0,0.00,0.00,0.00
아파트 주차스티커 럭셔리 1000매 스티커 주문제작 01_원형컷팅,4740677184,82285198730,hana1644,1872088,0,전환,0,전환당,0,29,0,0,0,0.00,0.00,0.00
아파트 주차스티커 럭셔리 500매 스티커 주문제작 01_원형컷팅,4740676549,82285198095,hana1644,1872088,0,전환,0,전환당,0,8,0,0,0,0.00,0.00,0.00
아파트 주차스티커 럭셔리 100매 빌라 스티커 01_원형컷팅,4740670738,82285192284,hana1644,1872088,0,전환,0,전환당,0,7,0,0,0,0.00,0.00,0.00
빌라 주차스티커 반사지 3000장 아파트 주차스티커제작 원형60파이,4738273740,82282795215,hana1644,1872088,0,전환,0,전환당,0,30,0,0,0,0.00,0.00,0.00
빌라 주차스티커 반사지 2000장 아파트 주차스티커제작 원형60파이,4738272546,82282794021,hana1644,1872088,0,전환,0,전환당,0,35,0,0,0,0.00,0.00,0.00
빌라 주차스티커 반사지 1500장 아파트 주차스티커제작 원형60파이,4738271123,82282792598,hana1644,1872088,0,전환,0,전환당,0,72,0,0,0,0.00,0.00,0.00
반사지 주차스티커 1000장 아파트 빌라 주차증 원형60파이,4738269436,82282790911,hana1644,1872088,0,전환,0,전환당,0,23,0,0,0,0.00,0.00,0.00
반사지 주차스티커 500장 아파트 빌라 주차증 원형60파이,4738264168,82282785643,hana1644,1872088,0,전환,0,전환당,3372,465,7251,1,3372,0.22,0.00,0.00
주차스티커 반사지 300장 아파트 스티커 원형60파이,4738262152,82282783627,hana1644,1872088,0,전환,0,전환당,0,4,0,0,0,0.00,0.00,0.00
주차스티커 반사지 100장 아파트 주차스티커제작 원형60파이,4738260509,82282781984,hana1644,1872088,0,전환,0,전환당,0,4,0,0,0,0.00,0.00,0.00
야광 아파트 빌라 주차스티커 3000장 스티커 주문제작 원형60파이,4735080177,82279601641,hana1644,1872088,0,전환,0,전환당,10711,92,116424,2,5355,2.17,0.00,0.00
아파트 빌라 주차스티커 야광 2000장 스티커제작 원형60파이,4735078923,82279600387,hana1644,1872088,0,전환,0,전환당,3912,164,23851,1,3912,0.61,0.00,0.00
아파트 빌라 주차스티커 야광 1500장 스티커제작 원형60파이,4735077611,82279599075,hana1644,1872088,0,전환,0,전환당,0,69,0,0,0,0.00,0.00,0.00
야광 아파트 빌라 주차스티커 1000장 스티커 주문제작 원형60파이,4735076005,82279597469,hana1644,1872088,0,전환,0,전환당,14493,657,22060,7,2070,1.07,0.00,0.00
야광 주차스티커 500장 아파트 주차증 스티커 원형60파이,4735053965,82279575429,hana1644,1872088,0,전환,0,전환당,11926,125,95410,2,5963,1.60,0.00,0.00
홀로그램 주차스티커 3000장 아파트 주차 스티커 주문제작 민무늬 원형60파이,4733892694,82278414158,hana1644,1872088,0,전환,0,전환당,0,79,0,0,0,0.00,0.00,0.00
홀로그램 주차스티커 2000장 아파트 주차 스티커 주문제작 민무늬 원형60파이,4733892030,82278413494,hana1644,1872088,0,전환,0,전환당,0,11,0,0,0,0.00,0.00,0.00
홀로그램 주차스티커 1500장 아파트 주차 스티커 주문제작 민무늬 원형60파이,4733889825,82278411289,hana1644,1872088,0,전환,0,전환당,0,48,0,0,0,0.00,0.00,0.00
홀로그램 주차스티커 1000장 아파트 주차 스티커 주문제작 민무늬 원형60파이,4733888670,82278410134,hana1644,1872088,0,전환,0,전환당,6247,276,22634,3,2082,1.09,0.00,0.00
홀로그램 주차스티커 500장 아파트 주차증 스티커 민무늬 원형60파이,4733875551,82278397015,hana1644,1872088,0,전환,0,전환당,0,69,0,0,0,0.00,0.00,0.00
홀로그램 주차스티커 100장 아파트 입주민 스티커 주차증 민무늬 원형 60파이,4733867723,82278389187,hana1644,1872088,0,전환,0,전환당,1193,771,1547,1,1193,0.13,0.00,0.00
엘리베이터 슬림디자인 포켓 알림판 아파트 게시판 10구 승강기 안내문 집게형 광고면 없음,4723679985,82268201210,hana1644,1872088,0,전환,0,전환당,17090,1261,13553,6,2848,0.48,0.00,0.00
아파트게시판 슬림디자인 8구 승강기 공지사항 상가 A4 꽂이 집게형 광고면 없음,4723678434,82268199659,hana1644,1872088,0,전환,0,전환당,0,194,0,0,0,0.00,0.00,0.00
아파트 게시판 슬림디자인 6구 엘리베이터 광고판 C01 포켓형,4723675365,82268196590,hana1644,1872088,0,전환,0,전환당,0,109,0,0,0,0.00,0.00,0.00
아크릴 게시판 슬림디자인 엘리베이터 사무실 게시판 4구 학원 공지사항 A4 집게형 광고면 없음,4723671691,82268192916,hana1644,1872088,0,전환,0,전환당,1499,171,8767,1,1499,0.58,0.00,0.00
아파트 게시판 2구 엘리베이터 종이꽂이 제작 슬림디자인 승강기 안내문 A4 집게형 광고면 없음,4719591365,82264112448,hana1644,1872088,0,전환,0,전환당,11511,902,12762,3,3837,0.33,0.00,0.00
아파트 게시판 3구 엘리베이터 A4 슬림디자인 공지 보드 승강기 안내 알림판 집게형 광고면없음,4719299380,82263820463,hana1644,1872088,0,전환,0,전환당,0,67,0,0,0,0.00,0.00,0.00
아파트 게시판 1구 엘리베이터 A4 종이꽂이 안내문 슬림디자인 승강기 알림판 건물 상가 관리 집게형 광고면 없음,4717101257,82261622279,hana1644,1872088,0,전환,0,전환당,0,11,0,0,0,0.00,0.00,0.00
소형 A형 입간판 출입금지 안내 화장실 청소중 A형 입간판 출입금지 접이식 표지판 주차금지 미끄럼주의 경고 표시판 소형 노랑 무지,4708329524,82252850546,hana1644,1872088,0,전환,0,전환당,0,3,0,0,0,0.00,0.00,0.00
스티커 주의 표지 놀이시설 이용 주의 휴대폰 사용금지 알림 스티커 반려동물 출입제한 어린이 놀이터 안전예방 표시 안내,4704337383,82248858241,hana1644,1872088,0,전환,0,전환당,0,1,0,0,0,0.00,0.00,0.00
화장실 청소중 복도 PE 입간판 상가 미끄럼주의 A형 간판 접이식 소형 노랑 무지,4702213714,82246734572,hana1644,1872088,0,전환,0,전환당,0,4,0,0,0,0.00,0.00,0.00
스티커 소방관진입창 스티커 소방대진입 반사지 단면 타격지점 스티커 세트,4700453237,82244974095,hana1644,1872088,0,전환,0,전환당,0,146,0,0,0,0.00,0.00,0.00
스티커 주차위반 경고장 1000장 아파트 스티커 일반접착 01,4652469566,82196990041,hana1644,1872088,0,전환,0,전환당,0,30,0,0,0,0.00,0.00,0.00
주차장 장애인 주차구역 전용구역 현수막 실사출력 과태료 현수막제작 일반나무,4649485008,82194005483,hana1644,1872088,0,전환,0,전환당,0,1,0,0,0,0.00,0.00,0.00
주차위반 경고장 대량 주문제작 일반접착 500장,4646472978,82190993453,hana1644,1872088,0,전환,0,전환당,0,6,0,0,0,0.00,0.00,0.00
스티커 주차금지 스티커 불법주차 주차 위반 경고장 강력접착 1000장,4645185386,82189705861,hana1644,1872088,0,전환,0,전환당,0,88,0,0,0,0.00,0.00,0.00
스티커 CCTV 투명 녹화중 스티커 촬영중 씨씨티비 촬영 안내 녹화중 표지,4645164619,82189685094,hana1644,1872088,0,전환,0,전환당,0,5,0,0,0,0.00,0.00,0.00
250x100mm 표지판 주의 표지 미끄럼주의 안내판 경고 주의 표지판 계단 이용시 조심 표시판 바닥 넘어짐 뛰지마세요 알림 문구 실사출력,4645005704,82189526179,hana1644,1872088,0,전환,0,전환당,0,1,0,0,0,0.00,0.00,0.00
200x200mm 표지판 추락 낙상위험 안내판 경고 표지판 포맥스 접근금지 사고예방 높은곳 올라가지마세요 알림판,4644998736,82189519211,hana1644,1872088,0,전환,0,전환당,0,1,0,0,0,0.00,0.00,0.00
250x100mm 표지판 출입금지 안내 외부인 출입금지 표지판 통제구역 경고 안내판 진입 주의 관계자 진입 표시 실사출력,4644985915,82189506390,hana1644,1872088,0,전환,0,전환당,0,1,0,0,0,0.00,0.00,0.00
200x200mm 표지판 계단 층표시 안내판 층별 안내도 층수 표지판 건물 아파트 내부 표시판 층안내판,4644887899,82189408374,hana1644,1872088,0,전환,0,전환당,0,3,0,0,0,0.00,0.00,0.00
출입문 안내시트1 - 실사 출력/UV인쇄(투명/불투명) 주문제작형 상담후 진행가능,4644856855,82189377330,hana1644,1872088,0,전환,0,전환당,0,1,0,0,0,0.00,0.00,0.00
출입문 안내시트 - 실사 출력/UV인쇄(투명/불투명) 주문제작형 상담후 진행가능,4644852600,82189373102,hana1644,1872088,0,전환,0,전환당,0,1,0,0,0,0.00,0.00,0.00
단면X배너 물통없음 실내외용 banner 단면,4644825398,82189345873,hana1644,1872088,0,전환,0,전환당,0,9,0,0,0,0.00,0.00,0.00
단면Y배너 하단물통 실내외용 banner 단면,4644822108,82189342583,hana1644,1872088,0,전환,0,전환당,692,53,13051,2,346,3.77,0.00,0.00
양면Y배너 하단물통 실내외용 banner 양면 단면 배너,4644820539,82189341014,hana1644,1872088,0,전환,0,전환당,0,32,0,0,0,0.00,0.00,0.00
트라이폴 배너 실내외용 banner 양면 단면배너,4644819739,82189340214,hana1644,1872088,0,전환,0,전환당,0,17,0,0,0,0.00,0.00,0.00
대형 자이언트 대형 배너 실내외용 banner 양면 단면배너,4644817132,82189337607,hana1644,1872088,0,전환,0,전환당,3122,64,48788,4,781,6.25,0.00,0.00
일반형 주황 공사중 작업중 안내 위험구역 주차금지 오뚜기 상단 양면 무지 선택안함,4643759142,82188279617,hana1644,1872088,0,전환,0,전환당,0,6,0,0,0,0.00,0.00,0.00
소형 A형 입간판 접이식 사진촬영금지 A형 입간판 진입금지 주차금지 표지판 PE 경고 표시판 소형 노랑 무지,4643661514,82188181989,hana1644,1872088,0,전환,0,전환당,0,1,0,0,0,0.00,0.00,0.00
소형 A형 입간판 출입금지 안내 PE 입간판 반려견 출입금지 A형 표지판 카페 반려동물 진입금지 식당 음식점 소형 노랑 무지,4643659777,82188180252,hana1644,1872088,0,전환,0,전환당,0,5,0,0,0,0.00,0.00,0.00
소형 A형 입간판 점검중 PE 표지판 진입금지 공사중 접이식 입간판 A형 주차금지 소형 노랑 무지,4643650474,82188170949,hana1644,1872088,0,전환,0,전환당,0,1,0,0,0,0.00,0.00,0.00
표지판 출입금지 안내 반려견 출입금지 말뚝안내판 파이프 포함 표지판 추락 낙상주의 표시 금연알림 미끄럼조심 팻말 사각_안내판(파이프 미포함),4643542129,82188062604,hana1644,1872088,0,전환,0,전환당,0,5,0,0,0,0.00,0.00,0.00
종이 주차스티커 500장 주문제작 원형컷팅,4643153101,82187673576,hana1644,1872088,0,전환,0,전환당,0,1,0,0,0,0.00,0.00,0.00
종이 주차스티커 1000장 주문제작 원형컷팅,4643150065,82187670540,hana1644,1872088,0,전환,0,전환당,0,3,0,0,0,0.00,0.00,0.00
종이 주차스티커 2000장 주문제작 원형컷팅,4643145032,82187665507,hana1644,1872088,0,전환,0,전환당,0,23,0,0,0,0.00,0.00,0.00
종이 주차스티커 3000장 주문제작 원형컷팅,4643141607,82187662082,hana1644,1872088,0,전환,0,전환당,0,29,0,0,0,0.00,0.00,0.00
아파트 입주환영 현수막 실사출력 현수막제작 일반나무,4643124255,82187644730,hana1644,1872088,0,전환,0,전환당,0,6,0,0,0,0.00,0.00,0.00
반려견 목줄착용 배변금지 배설물 수거 필수 지참 표시 안내 현수막 실사출력 현수막제작 애완동물 펫티켓 표지 일반나무+끈 5000X900,4643123672,82187644147,hana1644,1872088,0,전환,0,전환당,0,10,0,0,0,0.00,0.00,0.00
아파트 층간소음 고성방가 공회전금지 배려 협조 주민생활 안전관리 캠페인 현수막 일반나무 5000X900,4643123365,82187643840,hana1644,1872088,0,전환,0,전환당,0,7,0,0,0,0.00,0.00,0.00
아파트 관리사무소 분리수거 안내 현수막 실사출력 일반나무,4643121110,82187641585,hana1644,1872088,0,전환,0,전환당,0,3,0,0,0,0.00,0.00,0.00
방향유도 주차장 안내 관리사무소 현수막 실사출력 현수막제작 일반나무,4643120619,82187641094,hana1644,1872088,0,전환,0,전환당,0,2,0,0,0,0.00,0.00,0.00
대형 주의 표지 일방통행 도로 안전 현수막 교통 안내 준수 아파트 단지내 주의 대형 플랜카드 주차장 일반나무,4643120078,82187640553,hana1644,1872088,0,전환,0,전환당,0,5,0,0,0,0.00,0.00,0.00
대형 주의 표지 주차 정차 금지 현수막 외부 차량 불법 주정차 전용구역 단속 플랜카드 대형 경고 주의 일반나무,4641944095,82186464570,hana1644,1872088,0,전환,0,전환당,0,4,0,0,0,0.00,0.00,0.00
주의 표지 여름 수영장 물놀이 오픈 현수막 다이빙금지 경고 아파트 물놀이장 개장 넘어짐주의 안전수칙 플랜카드 일반나무,4641929903,82186450378,hana1644,1872088,0,전환,0,전환당,0,3,0,0,0,0.00,0.00,0.00
대형 아파트 주택 빌라 소방시설 설치 의무 안내 불조심 현수막 대형 화재예방 신고 안전점검 관리 플랜카드 일반나무,4641924019,82186444495,hana1644,1872088,0,전환,0,전환당,0,7,0,0,0,0.00,0.00,0.00
송년회 5000X900mm 현수막 망년회 연말 행사 연회 실사출력 회사 동호회 신년회 파티 이벤트 플랜카드 일반나무+끈,4641920423,82186440898,hana1644,1872088,0,전환,0,전환당,0,1,0,0,0,0.00,0.00,0.00
대형 5000X900mm 가정의달 현수막 제작 대형 플랜카드 실사출력 어버이날 어린이날 행사 안내문 일반나무+끈,4641908778,82186429253,hana1644,1872088,0,전환,0,전환당,293,74,3959,1,293,1.35,0.00,0.00
아파트 우수단지 최우수단지 현수막 금연 행사 이벤트 실사출력 현수막 플랜카드 일반나무,4641904984,82186425459,hana1644,1872088,0,전환,0,전환당,0,10,0,0,0,0.00,0.00,0.00
아파트 동대표 투표 선거 관리사무소 찬반투표 전자투표 현수막 실사출력 현수막제작 관리사무소 장소 안내 표시문 일반나무,4641897964,82186418439,hana1644,1872088,0,전환,0,전환당,0,16,0,0,0,0.00,0.00,0.00
어린이집 유치원 원아모집 입학 졸업 축하 현수막 행사 배너 실사출력 일반나무,4641880837,82186401312,hana1644,1872088,0,전환,0,전환당,0,13,0,0,0,0.00,0.00,0.00
소형 A형 입간판 주의 표지 매장 안내 지금은 청소중 A형 입간판 접이식 미끄럼주의 안내판 화장실 빌딩 카페 매장 표지판 미화원 소형 노랑 무지,4641810097,82186330572,hana1644,1872088,0,전환,0,전환당,0,1,0,0,0,0.00,0.00,0.00
PE 입간판 화장실 미끄럼주의 A형 표지판 남자 여자 직원 청소중 잠시만 기다려주세요 넘어짐 경고 단면선택시,4641681276,82186201751,hana1644,1872088,0,전환,0,전환당,0,2,0,0,0,0.00,0.00,0.00
안전강화유리 아파트 게시판 1구 인포메이션 포켓형 광고면 없음,4641475983,82185996458,hana1644,1872088,0,전환,0,전환당,0,2,0,0,0,0.00,0.00,0.00
안전강화유리 아파트 게시판 2구 인포메이션 승강기 알림판 A4 공지 보드 안내문 포켓형 1. 광고면없음,4641474218,82185994693,hana1644,1872088,0,전환,0,전환당,0,5,0,0,0,0.00,0.00,0.00
안전강화유리 아파트 게시판 3구 인포메이션 엘리베이터 승강기 안내문 상가 알림판 A4 종이꽂이 포켓형 광고면 없음,4641471275,82185991750,hana1644,1872088,0,전환,0,전환당,0,35,0,0,0,0.00,0.00,0.00
안전강화유리 아파트 게시판 4구 인포메이션 포켓형 광고면 없음,4641469776,82185990251,hana1644,1872088,0,전환,0,전환당,0,22,0,0,0,0.00,0.00,0.00
안전강화유리 아파트 게시판 6구 인포메이션 A4 공지판 종이꽂이 안내문 알림판 건물 상가 포켓형 광고면없음,4641468596,82185989071,hana1644,1872088,0,전환,0,전환당,0,26,0,0,0,0.00,0.00,0.00
A4 안내문 안전강화유리 아파트 게시판 8구 인포메이션 종이 꽂이판 상가 건물 안내문 포켓형 광고면 없음,4641467204,82185987679,hana1644,1872088,0,전환,0,전환당,0,39,0,0,0,0.00,0.00,0.00
아파트 게시판 안전강화유리 10구 인포메이션 종이 꽂이 알림판 승강기 상가 건물 안내문 A4 포켓형 광고면 없음,4641465566,82185986041,hana1644,1872088,0,전환,0,전환당,1604,135,11883,1,1604,0.74,0.00,0.00
알루미늄 메탈 아파트 게시판 1구 인포메이션 공지 사무실 알림판 집게타입 1. 광고면 없음,4641462508,82185982983,hana1644,1872088,0,전환,0,전환당,0,2,0,0,0,0.00,0.00,0.00
메탈 아파트 게시판 2구 엘리베이터 공지 보드 알미늄 A4 알림판 집게타입 1. 광고면 없음,4641456066,82185976541,hana1644,1872088,0,전환,0,전환당,0,7,0,0,0,0.00,0.00,0.00
알미늄 엘리베이터 게시판 3구 사무실 알림판 A4 학급 학원 공지 집게타입 1. 광고면 없음,4641451190,82185971665,hana1644,1872088,0,전환,0,전환당,0,12,0,0,0,0.00,0.00,0.00
사무실 공지 게시판 알루미늄 4구 아파트 학교 알림판 학원 A4 메탈 보드 집게타입 1. 광고면 없음,4641372883,82185893358,hana1644,1872088,0,전환,0,전환당,0,2,0,0,0,0.00,0.00,0.00
알루미늄 게시판 메탈 아파트 엘리베이터 알림판 A4 인포메이션 6구 집게타입 1. 광고면 없음,4641366662,82185887137,hana1644,1872088,0,전환,0,전환당,0,9,0,0,0,0.00,0.00,0.00
A4 학원 게시판 알루미늄 사무실 알림판 메탈 8구 학급 공지 보드 교회 집게타입 1. 광고면 없음,4641357815,82185878290,hana1644,1872088,0,전환,0,전환당,0,23,0,0,0,0.00,0.00,0.00
메탈 엘리베이터 게시판 10구 알미늄 학급 알림판 사무실 승강기 A4 보드 집게타입 1. 광고면 없음,4641351100,82185871575,hana1644,1872088,0,전환,0,전환당,0,21,0,0,0,0.00,0.00,0.00
병원 진료 알림판 사무실 병원 학원 안내판 우드 게시판 1구 01_집게타입 광고면 없음,4641340785,82185861260,hana1644,1872088,0,전환,0,전환당,0,5,0,0,0,0.00,0.00,0.00
아파트게시판 학원 상가 사무실 게시판 우드프레임 2구 01_집게타입 광고면 없음,4641333913,82185854388,hana1644,1872088,0,전환,0,전환당,0,1,0,0,0,0.00,0.00,0.00
병원 진료 알림판 사무실 병원 학원 안내판 A4 우드게시판 3구 승강기 종이꽂이 엘리베이터 안내문 집게타입 광고면 없음,4641313957,82185834432,hana1644,1872088,0,전환,0,전환당,0,14,0,0,0,0.00,0.00,0.00
아파트게시판 우드 게시판 사무실 안내판 4구 01_집게타입 광고면 없음,4641307798,82185828273,hana1644,1872088,0,전환,0,전환당,0,6,0,0,0,0.00,0.00,0.00
아파트게시판 우드 게시판 사무실 안내판 인포메이션 6구 01_집게타입 광고면 없음,4641303576,82185824051,hana1644,1872088,0,전환,0,전환당,0,5,0,0,0,0.00,0.00,0.00
우드게시판 인포메이션 사무실 안내판 8구 01_집게타입 광고면 없음,4641296953,82185817428,hana1644,1872088,0,전환,0,전환당,0,29,0,0,0,0.00,0.00,0.00
병원 진료 아파트게시판 병원 학원 사무실 우드 게시판 10구 01_집게타입 광고면 없음,4641290531,82185811006,hana1644,1872088,0,전환,0,전환당,0,36,0,0,0,0.00,0.00,0.00
디자인게시판 알루미늄 게시판 골드 1구 집게형 01_광고면 없음,4641253444,82185773919,hana1644,1872088,0,전환,0,전환당,0,3,0,0,0,0.00,0.00,0.00
디자인게시판 알루미늄게시판 6구 집게형 01_광고면 없음,4641242352,82185762827,hana1644,1872088,0,전환,0,전환당,0,18,0,0,0,0.00,0.00,0.00
스티커 여성 생리대 위생용품 수거함 안내 스티커 투명 불투명 화장실 쓰레기 여기에 버려주세요 표시 화이트시트,4640830301,82185350776,hana1644,1872088,0,전환,0,전환당,0,2,0,0,0,0.00,0.00,0.00
365x260mm 피난안내도 비상 대피로 비상구 대피도 표지판 소방 피난로 위치 B4 기본타입 01,4640813101,82185333576,hana1644,1872088,0,전환,0,전환당,0,240,0,0,0,0.00,0.00,0.00
365x260mm 야광 피난안내도 화재 비상구 건물도면 대피로 소화기 위치 대피도 탈출구 표지 B4,4640806956,82185327431,hana1644,1872088,0,전환,0,전환당,0,4,0,0,0,0.00,0.00,0.00
900x260mm 피난안내도 천장형 대피도 화재시 소화기 위치 알림판 비상 탈출구 대피로 표시,4640801478,82185321953,hana1644,1872088,0,전환,0,전환당,0,134,0,0,0,0.00,0.00,0.00
표지판 주차금지 표지판 오뚜기 연결체인 체인 50m 노랑,4640787823,82185308298,hana1644,1872088,0,전환,0,전환당,280,18,15580,1,280,5.56,0.00,0.00
표지판 주의 표지 승용차 주정차 금지 안내판 소방차전용구역 주차 표지판 화재 대비 안전 표시 일반 차량 단속 주의 경고 알림,4640785399,82185305874,hana1644,1872088,0,전환,0,전환당,0,2,0,0,0,0.00,0.00,0.00
420x297mm 표지판 차량 주정차 시 과태료 부과 안내 소방차전용구역 표지판 승용차 주차 금지 표시판 화재 안전 대비,4640781756,82185302231,hana1644,1872088,0,전환,0,전환당,0,5,0,0,0,0.00,0.00,0.00
대형 표지판 주정차 금지 표시 소방차 전용구역 표지판 오뚜기 대형 사각 주차장 안내판 단면 뒷면무지,4640766694,82185287169,hana1644,1872088,0,전환,0,전환당,0,6,0,0,0,0.00,0.00,0.00
대형 소방차 전용구역 주차금지 현수막 차량 주정차 진입 경고 주차장 대형 플랜카드 소방 안전 사고예방 일반나무,4640751182,82185271657,hana1644,1872088,0,전환,0,전환당,0,8,0,0,0,0.00,0.00,0.00
약국 목욕탕 입구간판 주황 일반사각 오뚜기 외부차량 주차금지 상단 양면 무지 선택안함,4640641275,82185161750,hana1644,1872088,0,전환,0,전환당,0,14,0,0,0,0.00,0.00,0.00
대형 현수막 5000X900mm 신년 새해 현수막 구정 실사출력 대형 플랜카드 일반나무+끈,4640483215,82185003690,hana1644,1872088,0,전환,0,전환당,0,5,0,0,0,0.00,0.00,0.00
